Variable,B4-A-Nada difícil-Recuento,B4-A-Nada difícil-% del N de fila,B4-A-Nada difícil-% de N columnas,B4-A-Poco difícil-Recuento,B4-A-Poco difícil-% del N de fila,B4-A-Poco difícil-% de N columnas,B4-A-Difícil-Recuento,B4-A-Difícil-% del N de fila,B4-A-Difícil-% de N columnas,B4-A-Muy difícil-Recuento,B4-A-Muy difícil-% del N de fila,B4-A-Muy difícil-% de N columnas,B4-B-Nada difícil-Recuento,B4-B-Nada difícil-% del N de fila,B4-B-Nada difícil-% de N columnas,B4-B-Poco difícil-Recuento,B4-B-Poco difícil-% del N de fila,B4-B-Poco difícil-% de N columnas,B4-B-Difícil-Recuento,B4-B-Difícil-% del N de fila,B4-B-Difícil-% de N columnas,B4-B-Muy difícil-Recuento,B4-B-Muy difícil-% del N de fila,B4-B-Muy difícil-% de N columnas,B4-C-Nada difícil-Recuento,B4-C-Nada difícil-% del N de fila,B4-C-Nada difícil-% de N columnas,B4-C-Poco difícil-Recuento,B4-C-Poco difícil-% del N de fila,B4-C-Poco difícil-% de N columnas,B4-C-Difícil-Recuento,B4-C-Difícil-% del N de fila,B4-C-Difícil-% de N columnas,B4-C-Muy difícil-Recuento,B4-C-Muy difícil-% del N de fila,B4-C-Muy difícil-% de N columnas,B4-D-Nada difícil-Recuento,B4-D-Nada difícil-% del N de fila,B4-D-Nada difícil-% de N columnas,B4-D-Poco difícil-Recuento,B4-D-Poco difícil-% del N de fila,B4-D-Poco difícil-% de N columnas,B4-D-Difícil-Recuento,B4-D-Difícil-% del N de fila,B4-D-Difícil-% de N columnas,B4-D-Muy difícil-Recuento,B4-D-Muy difícil-% del N de fila,B4-D-Muy difícil-% de N columnas,B4-E-Nada difícil-Recuento,B4-E-Nada difícil-% del N de fila,B4-E-Nada difícil-% de N columnas,B4-E-Poco difícil-Recuento,B4-E-Poco difícil-% del N de fila,B4-E-Poco difícil-% de N columnas,B4-E-Difícil-Recuento,B4-E-Difícil-% del N de fila,B4-E-Difícil-% de N columnas,B4-E-Muy difícil-Recuento,B4-E-Muy difícil-% del N de fila,B4-E-Muy difícil-% de N columnas,B4-F-Nada difícil-Recuento,B4-F-Nada difícil-% del N de fila,B4-F-Nada difícil-% de N columnas,B4-F-Poco difícil-Recuento,B4-F-Poco difícil-% del N de fila,B4-F-Poco difícil-% de N columnas,B4-F-Difícil-Recuento,B4-F-Difícil-% del N de fila,B4-F-Difícil-% de N columnas,B4-F-Muy difícil-Recuento,B4-F-Muy difícil-% del N de fila,B4-F-Muy difícil-% de N columnas,B4-G-Nada difícil-Recuento,B4-G-Nada difícil-% del N de fila,B4-G-Nada difícil-% de N columnas,B4-G-Poco difícil-Recuento,B4-G-Poco difícil-% del N de fila,B4-G-Poco difícil-% de N columnas,B4-G-Difícil-Recuento,B4-G-Difícil-% del N de fila,B4-G-Difícil-% de N columnas,B4-G-Muy difícil-Recuento,B4-G-Muy difícil-% del N de fila,B4-G-Muy difícil-% de N columnas,B4-H-Nada difícil-Recuento,B4-H-Nada difícil-% del N de fila,B4-H-Nada difícil-% de N columnas,B4-H-Poco difícil-Recuento,B4-H-Poco difícil-% del N de fila,B4-H-Poco difícil-% de N columnas,B4-H-Difícil-Recuento,B4-H-Difícil-% del N de fila,B4-H-Difícil-% de N columnas,B4-H-Muy difícil-Recuento,B4-H-Muy difícil-% del N de fila,B4-H-Muy difícil-% de N columnas,B4-I-Nada difícil-Recuento,B4-I-Nada difícil-% del N de fila,B4-I-Nada difícil-% de N columnas,B4-I-Poco difícil-Recuento,B4-I-Poco difícil-% del N de fila,B4-I-Poco difícil-% de N columnas,B4-I-Difícil-Recuento,B4-I-Difícil-% del N de fila,B4-I-Difícil-% de N columnas,B4-I-Muy difícil-Recuento,B4-I-Muy difícil-% del N de fila,B4-I-Muy difícil-% de N columnas,B4-J-Nada difícil-Recuento,B4-J-Nada difícil-% del N de fila,B4-J-Nada difícil-% de N columnas,B4-J-Poco difícil-Recuento,B4-J-Poco difícil-% del N de fila,B4-J-Poco difícil-% de N columnas,B4-J-Difícil-Recuento,B4-J-Difícil-% del N de fila,B4-J-Difícil-% de N columnas,B4-J-Muy difícil-Recuento,B4-J-Muy difícil-% del N de fila,B4-J-Muy difícil-% de N columnas,B4-K-Nada difícil-Recuento,B4-K-Nada difícil-% del N de fila,B4-K-Nada difícil-% de N columnas,B4-K-Poco difícil-Recuento,B4-K-Poco difícil-% del N de fila,B4-K-Poco difícil-% de N columnas,B4-K-Difícil-Recuento,B4-K-Difícil-% del N de fila,B4-K-Difícil-% de N columnas,B4-K-Muy difícil-Recuento,B4-K-Muy difícil-% del N de fila,B4-K-Muy difícil-% de N columnas
AGUASCALIENTES,6,0.033,0.036,62,0.341,0.043,101,0.555,0.047,13,0.071,0.027,6,0.033,0.025,62,0.341,0.05,81,0.445,0.039,33,0.181,0.047,39,0.214,0.042,84,0.462,0.048,53,0.291,0.041,6,0.033,0.022,7,0.038,0.046,30,0.165,0.036,105,0.577,0.045,40,0.22,0.044,25,0.137,0.033,53,0.291,0.033,89,0.489,0.056,15,0.082,0.053,11,0.06,0.063,43,0.236,0.041,104,0.571,0.045,24,0.132,0.035,7,0.038,0.045,60,0.33,0.044,100,0.549,0.042,15,0.082,0.039,14,0.077,0.043,45,0.247,0.037,93,0.511,0.045,30,0.165,0.046,10,0.055,0.05,52,0.286,0.045,93,0.511,0.043,27,0.148,0.037,4,0.022,0.031,34,0.187,0.042,106,0.582,0.043,38,0.209,0.045,9,0.049,0.062,41,0.225,0.043,99,0.544,0.041,33,0.181,0.045
BAJA CALIFORNIA,2,0.045,0.012,15,0.341,0.01,21,0.477,0.01,6,0.136,0.012,1,0.023,0.004,15,0.341,0.012,19,0.432,0.009,9,0.205,0.013,10,0.227,0.011,19,0.432,0.011,10,0.227,0.008,5,0.114,0.019,0,0,0,8,0.182,0.01,24,0.545,0.01,12,0.273,0.013,9,0.205,0.012,17,0.386,0.011,15,0.341,0.009,3,0.068,0.011,2,0.045,0.011,17,0.386,0.016,18,0.409,0.008,7,0.159,0.01,1,0.023,0.006,19,0.432,0.014,19,0.432,0.008,5,0.114,0.013,5,0.114,0.016,18,0.409,0.015,16,0.364,0.008,5,0.114,0.008,0,0,0,16,0.364,0.014,22,0.5,0.01,6,0.136,0.008,1,0.023,0.008,12,0.273,0.015,21,0.477,0.009,10,0.227,0.012,1,0.023,0.007,13,0.295,0.014,22,0.5,0.009,8,0.182,0.011
BAJA CALIFORNIA SUR,7,0.038,0.041,65,0.353,0.045,88,0.478,0.041,24,0.13,0.049,14,0.076,0.058,54,0.293,0.043,87,0.473,0.042,29,0.158,0.041,54,0.293,0.058,80,0.435,0.046,44,0.239,0.034,6,0.033,0.022,7,0.038,0.046,37,0.201,0.045,102,0.554,0.043,38,0.207,0.041,39,0.212,0.052,78,0.424,0.048,53,0.288,0.033,14,0.076,0.05,9,0.049,0.051,54,0.293,0.051,94,0.511,0.04,27,0.147,0.039,9,0.049,0.058,55,0.299,0.041,109,0.592,0.046,11,0.06,0.029,26,0.141,0.081,57,0.31,0.046,74,0.402,0.036,27,0.147,0.041,14,0.076,0.07,46,0.25,0.039,88,0.478,0.041,36,0.196,0.049,5,0.027,0.039,35,0.19,0.043,105,0.571,0.043,39,0.212,0.046,6,0.033,0.041,39,0.212,0.041,109,0.592,0.045,30,0.163,0.041
CAMPECHE,9,0.078,0.053,41,0.353,0.029,52,0.448,0.024,14,0.121,0.029,5,0.043,0.021,35,0.302,0.028,57,0.491,0.028,19,0.164,0.027,25,0.216,0.027,41,0.353,0.023,39,0.336,0.03,11,0.095,0.041,3,0.026,0.02,16,0.138,0.019,68,0.586,0.029,29,0.25,0.032,26,0.224,0.034,52,0.448,0.032,35,0.302,0.022,3,0.026,0.011,4,0.034,0.023,26,0.224,0.025,62,0.534,0.027,24,0.207,0.035,6,0.052,0.039,34,0.293,0.025,65,0.56,0.028,11,0.095,0.029,8,0.069,0.025,30,0.259,0.024,55,0.474,0.027,23,0.198,0.035,3,0.026,0.015,35,0.302,0.03,50,0.431,0.023,28,0.241,0.038,7,0.06,0.054,20,0.172,0.025,65,0.56,0.026,24,0.207,0.028,5,0.043,0.034,19,0.164,0.02,73,0.629,0.03,19,0.164,0.026
CHIAPAS,3,0.038,0.018,30,0.385,0.021,36,0.462,0.017,9,0.115,0.018,4,0.051,0.017,21,0.269,0.017,44,0.564,0.021,9,0.115,0.013,16,0.205,0.017,31,0.397,0.018,25,0.321,0.019,6,0.077,0.022,2,0.026,0.013,21,0.269,0.025,40,0.513,0.017,15,0.192,0.016,16,0.205,0.021,32,0.41,0.02,26,0.333,0.016,4,0.051,0.014,2,0.026,0.011,18,0.231,0.017,42,0.538,0.018,16,0.205,0.023,2,0.026,0.013,24,0.308,0.018,49,0.628,0.021,3,0.038,0.008,3,0.038,0.009,20,0.256,0.016,45,0.577,0.022,10,0.128,0.015,2,0.026,0.01,19,0.244,0.016,48,0.615,0.022,9,0.115,0.012,3,0.038,0.023,15,0.192,0.018,48,0.615,0.019,12,0.154,0.014,1,0.013,0.007,17,0.218,0.018,48,0.615,0.02,12,0.154,0.016
CHIHUAHUA,8,0.044,0.047,73,0.406,0.051,83,0.461,0.038,16,0.089,0.033,9,0.05,0.038,61,0.339,0.049,83,0.461,0.04,27,0.15,0.038,57,0.317,0.061,65,0.361,0.037,53,0.294,0.041,5,0.028,0.019,8,0.044,0.053,39,0.217,0.047,90,0.5,0.038,43,0.239,0.047,40,0.222,0.053,59,0.328,0.037,72,0.4,0.045,9,0.05,0.032,7,0.039,0.04,50,0.278,0.047,91,0.506,0.039,32,0.178,0.047,7,0.039,0.045,61,0.339,0.045,94,0.522,0.04,18,0.1,0.047,10,0.056,0.031,55,0.306,0.045,83,0.461,0.04,32,0.178,0.049,9,0.05,0.045,57,0.317,0.049,79,0.439,0.037,35,0.194,0.047,6,0.033,0.047,44,0.244,0.054,99,0.55,0.04,31,0.172,0.037,7,0.039,0.048,48,0.267,0.05,96,0.533,0.04,29,0.161,0.04
CIUDAD DE MÉXICO,7,0.041,0.041,64,0.376,0.045,73,0.429,0.034,26,0.153,0.053,13,0.076,0.054,55,0.324,0.044,75,0.441,0.036,27,0.159,0.038,55,0.324,0.059,74,0.435,0.042,37,0.218,0.028,4,0.024,0.015,7,0.041,0.046,39,0.229,0.047,92,0.541,0.039,32,0.188,0.035,25,0.147,0.033,68,0.4,0.042,60,0.353,0.038,17,0.1,0.06,10,0.059,0.057,41,0.241,0.039,91,0.535,0.039,28,0.165,0.041,7,0.041,0.045,60,0.353,0.044,87,0.512,0.037,16,0.094,0.042,22,0.129,0.068,54,0.318,0.044,76,0.447,0.037,18,0.106,0.028,5,0.029,0.025,56,0.329,0.048,78,0.459,0.036,31,0.182,0.042,3,0.018,0.023,43,0.253,0.053,96,0.565,0.039,28,0.165,0.033,3,0.018,0.021,53,0.312,0.055,91,0.535,0.038,23,0.135,0.031
COAHUILA,4,0.047,0.024,19,0.221,0.013,51,0.593,0.024,12,0.14,0.025,2,0.023,0.008,26,0.302,0.021,42,0.488,0.02,16,0.186,0.023,19,0.221,0.02,37,0.43,0.021,21,0.244,0.016,9,0.105,0.033,3,0.035,0.02,15,0.174,0.018,45,0.523,0.019,23,0.267,0.025,13,0.151,0.017,27,0.314,0.017,37,0.43,0.023,9,0.105,0.032,1,0.012,0.006,22,0.256,0.021,40,0.465,0.017,23,0.267,0.034,4,0.047,0.026,21,0.244,0.016,50,0.581,0.021,11,0.128,0.029,6,0.07,0.019,27,0.314,0.022,35,0.407,0.017,18,0.209,0.028,6,0.07,0.03,21,0.244,0.018,39,0.453,0.018,20,0.233,0.027,2,0.023,0.016,16,0.186,0.02,48,0.558,0.019,20,0.233,0.024,2,0.023,0.014,23,0.267,0.024,42,0.488,0.017,19,0.221,0.026
COLIMA,4,0.025,0.024,45,0.283,0.031,84,0.528,0.039,26,0.164,0.053,10,0.063,0.042,42,0.264,0.034,70,0.44,0.034,37,0.233,0.053,40,0.252,0.043,63,0.396,0.036,42,0.264,0.032,14,0.088,0.052,6,0.038,0.04,28,0.176,0.034,87,0.547,0.037,38,0.239,0.041,39,0.245,0.052,57,0.358,0.035,53,0.333,0.033,10,0.063,0.035,11,0.069,0.063,43,0.27,0.041,78,0.491,0.033,27,0.17,0.039,5,0.031,0.032,57,0.358,0.042,77,0.484,0.033,20,0.126,0.052,12,0.075,0.037,51,0.321,0.042,70,0.44,0.034,26,0.164,0.04,9,0.057,0.045,37,0.233,0.032,79,0.497,0.037,34,0.214,0.046,5,0.031,0.039,18,0.113,0.022,86,0.541,0.035,50,0.314,0.059,6,0.038,0.041,25,0.157,0.026,83,0.522,0.034,45,0.283,0.061
DURANGO,12,0.074,0.071,51,0.315,0.036,87,0.537,0.04,12,0.074,0.025,10,0.062,0.042,50,0.309,0.04,83,0.512,0.04,19,0.117,0.027,42,0.259,0.045,60,0.37,0.034,52,0.321,0.04,8,0.049,0.03,9,0.056,0.06,31,0.191,0.038,90,0.556,0.038,32,0.198,0.035,25,0.154,0.033,63,0.389,0.039,60,0.37,0.038,14,0.086,0.05,7,0.043,0.04,40,0.247,0.038,88,0.543,0.038,27,0.167,0.039,6,0.037,0.039,51,0.315,0.038,93,0.574,0.039,12,0.074,0.031,8,0.049,0.025,42,0.259,0.034,79,0.488,0.038,33,0.204,0.051,9,0.056,0.045,48,0.296,0.041,85,0.525,0.04,20,0.123,0.027,8,0.049,0.062,39,0.241,0.048,88,0.543,0.036,27,0.167,0.032,8,0.049,0.055,45,0.278,0.047,85,0.525,0.035,24,0.148,0.033
ESTADO DE MÉXICO,7,0.043,0.041,55,0.342,0.038,83,0.516,0.038,16,0.099,0.033,9,0.056,0.038,53,0.329,0.042,78,0.484,0.038,21,0.13,0.03,43,0.267,0.046,73,0.453,0.042,42,0.261,0.032,3,0.019,0.011,3,0.019,0.02,36,0.224,0.044,97,0.602,0.041,25,0.155,0.027,26,0.161,0.034,61,0.379,0.038,66,0.41,0.041,8,0.05,0.028,8,0.05,0.046,34,0.211,0.032,95,0.59,0.041,24,0.149,0.035,6,0.037,0.039,54,0.335,0.04,96,0.596,0.041,5,0.031,0.013,15,0.093,0.047,53,0.329,0.043,80,0.497,0.039,13,0.081,0.02,9,0.056,0.045,47,0.292,0.04,88,0.547,0.041,17,0.106,0.023,2,0.012,0.016,33,0.205,0.041,101,0.627,0.041,25,0.155,0.03,3,0.019,0.021,34,0.211,0.035,96,0.596,0.04,28,0.174,0.038
GUANAJUATO,6,0.036,0.036,44,0.262,0.031,95,0.565,0.044,23,0.137,0.047,5,0.03,0.021,47,0.28,0.038,92,0.548,0.045,24,0.143,0.034,44,0.262,0.047,67,0.399,0.038,40,0.238,0.031,17,0.101,0.063,8,0.048,0.053,30,0.179,0.036,94,0.56,0.04,36,0.214,0.039,26,0.155,0.034,62,0.369,0.038,69,0.411,0.043,11,0.065,0.039,3,0.018,0.017,49,0.292,0.046,90,0.536,0.039,26,0.155,0.038,8,0.048,0.052,52,0.31,0.038,95,0.565,0.04,13,0.077,0.034,15,0.089,0.047,43,0.256,0.035,88,0.524,0.043,22,0.131,0.034,7,0.042,0.035,42,0.25,0.036,88,0.524,0.041,31,0.185,0.042,6,0.036,0.047,23,0.137,0.028,98,0.583,0.04,41,0.244,0.048,7,0.042,0.048,36,0.214,0.037,94,0.56,0.039,31,0.185,0.042
GUERRERO,2,0.048,0.012,9,0.214,0.006,28,0.667,0.013,3,0.071,0.006,2,0.048,0.008,8,0.19,0.006,26,0.619,0.013,6,0.143,0.009,5,0.119,0.005,14,0.333,0.008,20,0.476,0.015,3,0.071,0.011,0,0,0,7,0.167,0.008,27,0.643,0.011,8,0.19,0.009,6,0.143,0.008,20,0.476,0.012,13,0.31,0.008,3,0.071,0.011,2,0.048,0.011,6,0.143,0.006,28,0.667,0.012,6,0.143,0.009,2,0.048,0.013,6,0.143,0.004,28,0.667,0.012,6,0.143,0.016,2,0.048,0.006,9,0.214,0.007,22,0.524,0.011,9,0.214,0.014,1,0.024,0.005,7,0.167,0.006,27,0.643,0.013,7,0.167,0.009,1,0.024,0.008,5,0.119,0.006,28,0.667,0.011,8,0.19,0.009,1,0.024,0.007,6,0.143,0.006,29,0.69,0.012,6,0.143,0.008
HIDALGO,7,0.045,0.041,51,0.329,0.036,83,0.535,0.038,14,0.09,0.029,10,0.065,0.042,44,0.284,0.035,77,0.497,0.037,24,0.155,0.034,27,0.174,0.029,60,0.387,0.034,52,0.335,0.04,16,0.103,0.059,6,0.039,0.04,21,0.135,0.025,88,0.568,0.037,40,0.258,0.044,19,0.123,0.025,50,0.323,0.031,68,0.439,0.043,18,0.116,0.064,2,0.013,0.011,35,0.226,0.033,91,0.587,0.039,27,0.174,0.039,1,0.006,0.006,60,0.387,0.044,78,0.503,0.033,16,0.103,0.042,7,0.045,0.022,37,0.239,0.03,84,0.542,0.041,27,0.174,0.041,8,0.052,0.04,41,0.265,0.035,82,0.529,0.038,24,0.155,0.033,3,0.019,0.023,33,0.213,0.041,86,0.555,0.035,33,0.213,0.039,4,0.026,0.027,40,0.258,0.042,82,0.529,0.034,29,0.187,0.04
JALISCO,9,0.067,0.053,51,0.378,0.036,65,0.481,0.03,10,0.074,0.02,14,0.104,0.058,47,0.348,0.038,53,0.393,0.026,21,0.156,0.03,35,0.259,0.038,65,0.481,0.037,29,0.215,0.022,6,0.044,0.022,7,0.052,0.046,30,0.222,0.036,68,0.504,0.029,30,0.222,0.033,23,0.17,0.03,52,0.385,0.032,50,0.37,0.031,10,0.074,0.035,7,0.052,0.04,42,0.311,0.04,65,0.481,0.028,21,0.156,0.031,6,0.044,0.039,43,0.319,0.032,79,0.585,0.033,7,0.052,0.018,14,0.104,0.043,49,0.363,0.04,56,0.415,0.027,16,0.119,0.025,8,0.059,0.04,45,0.333,0.039,60,0.444,0.028,22,0.163,0.03,3,0.022,0.023,27,0.2,0.033,83,0.615,0.034,22,0.163,0.026,5,0.037,0.034,36,0.267,0.037,74,0.548,0.031,20,0.148,0.027
MICHOACÁN,0,0,0,7,0.212,0.005,23,0.697,0.011,3,0.091,0.006,2,0.061,0.008,8,0.242,0.006,14,0.424,0.007,9,0.273,0.013,4,0.121,0.004,12,0.364,0.007,17,0.515,0.013,0,0,0,1,0.03,0.007,3,0.091,0.004,22,0.667,0.009,7,0.212,0.008,7,0.212,0.009,15,0.455,0.009,11,0.333,0.007,0,0,0,1,0.03,0.006,10,0.303,0.009,16,0.485,0.007,6,0.182,0.009,1,0.03,0.006,5,0.152,0.004,22,0.667,0.009,5,0.152,0.013,0,0,0,12,0.364,0.01,17,0.515,0.008,4,0.121,0.006,1,0.03,0.005,5,0.152,0.004,17,0.515,0.008,10,0.303,0.014,1,0.03,0.008,6,0.182,0.007,24,0.727,0.01,2,0.061,0.002,1,0.03,0.007,5,0.152,0.005,26,0.788,0.011,1,0.03,0.001
MORELOS,8,0.045,0.047,62,0.35,0.043,91,0.514,0.042,16,0.09,0.033,12,0.068,0.05,57,0.322,0.046,77,0.435,0.037,31,0.175,0.044,30,0.169,0.032,83,0.469,0.047,56,0.316,0.043,8,0.045,0.03,8,0.045,0.053,29,0.164,0.035,96,0.542,0.041,44,0.249,0.048,32,0.181,0.042,67,0.379,0.042,63,0.356,0.039,15,0.085,0.053,8,0.045,0.046,48,0.271,0.045,83,0.469,0.036,38,0.215,0.055,9,0.051,0.058,52,0.294,0.038,101,0.571,0.043,15,0.085,0.039,18,0.102,0.056,55,0.311,0.045,79,0.446,0.038,25,0.141,0.038,7,0.04,0.035,49,0.277,0.042,96,0.542,0.045,25,0.141,0.034,7,0.04,0.054,40,0.226,0.049,96,0.542,0.039,34,0.192,0.04,7,0.04,0.048,43,0.243,0.045,93,0.525,0.039,34,0.192,0.046
NAYARIT,2,0.013,0.012,50,0.331,0.035,79,0.523,0.037,20,0.132,0.041,12,0.079,0.05,41,0.272,0.033,74,0.49,0.036,24,0.159,0.034,30,0.199,0.032,56,0.371,0.032,54,0.358,0.041,11,0.073,0.041,6,0.04,0.04,29,0.192,0.035,81,0.536,0.034,35,0.232,0.038,28,0.185,0.037,51,0.338,0.032,64,0.424,0.04,8,0.053,0.028,3,0.02,0.017,38,0.252,0.036,92,0.609,0.039,18,0.119,0.026,4,0.026,0.026,46,0.305,0.034,86,0.57,0.036,15,0.099,0.039,9,0.06,0.028,29,0.192,0.024,82,0.543,0.04,31,0.205,0.048,5,0.033,0.025,36,0.238,0.031,76,0.503,0.035,34,0.225,0.046,3,0.02,0.023,37,0.245,0.045,85,0.563,0.035,26,0.172,0.031,4,0.026,0.027,37,0.245,0.038,88,0.583,0.037,22,0.146,0.03
NUEVO LEÓN,2,0.065,0.012,10,0.323,0.007,15,0.484,0.007,4,0.129,0.008,3,0.097,0.013,8,0.258,0.006,15,0.484,0.007,5,0.161,0.007,9,0.29,0.01,11,0.355,0.006,9,0.29,0.007,2,0.065,0.007,1,0.032,0.007,9,0.29,0.011,17,0.548,0.007,4,0.129,0.004,5,0.161,0.007,11,0.355,0.007,14,0.452,0.009,1,0.032,0.004,0,0,0,11,0.355,0.01,19,0.613,0.008,1,0.032,0.001,0,0,0,11,0.355,0.008,16,0.516,0.007,4,0.129,0.01,2,0.065,0.006,7,0.226,0.006,15,0.484,0.007,7,0.226,0.011,1,0.032,0.005,6,0.194,0.005,18,0.581,0.008,6,0.194,0.008,2,0.065,0.016,4,0.129,0.005,18,0.581,0.007,7,0.226,0.008,1,0.032,0.007,6,0.194,0.006,18,0.581,0.007,6,0.194,0.008
PUEBLA,4,0.03,0.024,42,0.316,0.029,78,0.586,0.036,9,0.068,0.018,3,0.023,0.013,35,0.263,0.028,70,0.526,0.034,25,0.188,0.036,30,0.226,0.032,52,0.391,0.03,42,0.316,0.032,9,0.068,0.033,3,0.023,0.02,27,0.203,0.033,82,0.617,0.035,21,0.158,0.023,23,0.173,0.03,46,0.346,0.029,57,0.429,0.036,7,0.053,0.025,2,0.015,0.011,28,0.211,0.026,86,0.647,0.037,17,0.128,0.025,1,0.008,0.006,47,0.353,0.035,76,0.571,0.032,9,0.068,0.023,11,0.083,0.034,30,0.226,0.024,79,0.594,0.038,13,0.098,0.02,6,0.045,0.03,41,0.308,0.035,70,0.526,0.033,16,0.12,0.022,2,0.015,0.016,22,0.165,0.027,89,0.669,0.036,20,0.15,0.024,3,0.023,0.021,31,0.233,0.032,82,0.617,0.034,17,0.128,0.023
QUERÉTARO,9,0.047,0.053,80,0.419,0.056,86,0.45,0.04,16,0.084,0.033,14,0.073,0.058,60,0.314,0.048,94,0.492,0.046,23,0.12,0.033,52,0.272,0.056,79,0.414,0.045,47,0.246,0.036,13,0.068,0.048,10,0.052,0.066,45,0.236,0.055,101,0.529,0.043,35,0.183,0.038,46,0.241,0.061,80,0.419,0.05,55,0.288,0.034,10,0.052,0.035,10,0.052,0.057,62,0.325,0.059,95,0.497,0.041,24,0.126,0.035,6,0.031,0.039,80,0.419,0.059,85,0.445,0.036,20,0.105,0.052,25,0.131,0.078,73,0.382,0.059,73,0.382,0.036,20,0.105,0.031,16,0.084,0.08,73,0.382,0.063,77,0.403,0.036,25,0.131,0.034,9,0.047,0.07,47,0.246,0.058,109,0.571,0.044,26,0.136,0.031,14,0.073,0.096,54,0.283,0.056,104,0.545,0.043,19,0.099,0.026
QUINTANA ROO,5,0.029,0.03,49,0.288,0.034,94,0.553,0.043,22,0.129,0.045,6,0.035,0.025,38,0.224,0.03,93,0.547,0.045,33,0.194,0.047,28,0.165,0.03,76,0.447,0.043,53,0.312,0.041,13,0.076,0.048,4,0.024,0.026,26,0.153,0.032,92,0.541,0.039,48,0.282,0.052,26,0.153,0.034,65,0.382,0.04,67,0.394,0.042,12,0.071,0.043,3,0.018,0.017,41,0.241,0.039,91,0.535,0.039,35,0.206,0.051,5,0.029,0.032,41,0.241,0.03,103,0.606,0.044,21,0.124,0.055,11,0.065,0.034,47,0.276,0.038,75,0.441,0.037,37,0.218,0.057,4,0.024,0.02,35,0.206,0.03,94,0.553,0.044,37,0.218,0.05,4,0.024,0.031,31,0.182,0.038,96,0.565,0.039,39,0.229,0.046,3,0.018,0.021,31,0.182,0.032,103,0.606,0.043,33,0.194,0.045
SAN LUIS POTOSÍ,6,0.036,0.036,56,0.331,0.039,84,0.497,0.039,23,0.136,0.047,12,0.071,0.05,48,0.284,0.038,81,0.479,0.039,28,0.166,0.04,21,0.124,0.023,59,0.349,0.034,78,0.462,0.06,11,0.065,0.041,5,0.03,0.033,32,0.189,0.039,99,0.586,0.042,33,0.195,0.036,28,0.166,0.037,58,0.343,0.036,71,0.42,0.044,12,0.071,0.043,9,0.053,0.051,33,0.195,0.031,92,0.544,0.039,35,0.207,0.051,10,0.059,0.065,49,0.29,0.036,92,0.544,0.039,18,0.107,0.047,12,0.071,0.037,45,0.266,0.037,81,0.479,0.039,31,0.183,0.048,11,0.065,0.055,40,0.237,0.034,87,0.515,0.041,31,0.183,0.042,9,0.053,0.07,26,0.154,0.032,102,0.604,0.041,32,0.189,0.038,9,0.053,0.062,32,0.189,0.033,96,0.568,0.04,32,0.189,0.044
SINALOA,7,0.037,0.041,51,0.267,0.036,98,0.513,0.045,35,0.183,0.072,11,0.058,0.046,38,0.199,0.03,98,0.513,0.048,44,0.23,0.063,24,0.126,0.026,74,0.387,0.042,75,0.393,0.058,18,0.094,0.067,3,0.016,0.02,28,0.147,0.034,99,0.518,0.042,61,0.319,0.066,28,0.147,0.037,67,0.351,0.042,81,0.424,0.051,15,0.079,0.053,3,0.016,0.017,37,0.194,0.035,111,0.581,0.048,40,0.209,0.058,2,0.01,0.013,48,0.251,0.035,113,0.592,0.048,28,0.147,0.073,4,0.021,0.012,49,0.257,0.04,95,0.497,0.046,43,0.225,0.066,6,0.031,0.03,35,0.183,0.03,104,0.545,0.048,46,0.241,0.062,6,0.031,0.047,27,0.141,0.033,103,0.539,0.042,55,0.288,0.065,7,0.037,0.048,36,0.188,0.037,99,0.518,0.041,49,0.257,0.067
SONORA,3,0.02,0.018,40,0.272,0.028,72,0.49,0.033,32,0.218,0.066,6,0.041,0.025,34,0.231,0.027,69,0.469,0.034,38,0.259,0.054,32,0.218,0.034,62,0.422,0.035,44,0.299,0.034,9,0.061,0.033,9,0.061,0.06,28,0.19,0.034,78,0.531,0.033,32,0.218,0.035,36,0.245,0.048,56,0.381,0.035,49,0.333,0.031,6,0.041,0.021,13,0.088,0.074,26,0.177,0.025,88,0.599,0.038,20,0.136,0.029,12,0.082,0.078,38,0.259,0.028,87,0.592,0.037,10,0.068,0.026,13,0.088,0.04,42,0.286,0.034,67,0.456,0.033,25,0.17,0.038,11,0.075,0.055,30,0.204,0.026,79,0.537,0.037,27,0.184,0.037,4,0.027,0.031,21,0.143,0.026,88,0.599,0.036,34,0.231,0.04,3,0.02,0.021,23,0.156,0.024,88,0.599,0.037,33,0.224,0.045
TABASCO,4,0.031,0.024,45,0.346,0.031,67,0.515,0.031,14,0.108,0.029,7,0.054,0.029,40,0.308,0.032,58,0.446,0.028,25,0.192,0.036,21,0.162,0.023,49,0.377,0.028,49,0.377,0.038,11,0.085,0.041,4,0.031,0.026,28,0.215,0.034,73,0.562,0.031,25,0.192,0.027,23,0.177,0.03,60,0.462,0.037,41,0.315,0.026,6,0.046,0.021,6,0.046,0.034,33,0.254,0.031,77,0.592,0.033,14,0.108,0.02,6,0.046,0.039,41,0.315,0.03,70,0.538,0.03,13,0.1,0.034,7,0.054,0.022,40,0.308,0.033,62,0.477,0.03,21,0.162,0.032,8,0.062,0.04,37,0.285,0.032,59,0.454,0.027,26,0.2,0.035,5,0.038,0.039,21,0.162,0.026,70,0.538,0.028,34,0.262,0.04,3,0.023,0.021,23,0.177,0.024,77,0.592,0.032,27,0.208,0.037
TAMAULIPAS,2,0.013,0.012,48,0.32,0.034,77,0.513,0.036,23,0.153,0.047,3,0.02,0.013,30,0.2,0.024,80,0.533,0.039,37,0.247,0.053,17,0.113,0.018,57,0.38,0.033,59,0.393,0.045,17,0.113,0.063,1,0.007,0.007,24,0.16,0.029,86,0.573,0.036,39,0.26,0.042,14,0.093,0.018,57,0.38,0.035,65,0.433,0.041,14,0.093,0.05,2,0.013,0.011,29,0.193,0.027,88,0.587,0.038,31,0.207,0.045,3,0.02,0.019,40,0.267,0.03,87,0.58,0.037,20,0.133,0.052,7,0.047,0.022,34,0.227,0.028,82,0.547,0.04,27,0.18,0.041,3,0.02,0.015,30,0.2,0.026,84,0.56,0.039,33,0.22,0.045,2,0.013,0.016,19,0.127,0.023,93,0.62,0.038,36,0.24,0.043,2,0.013,0.014,26,0.173,0.027,92,0.613,0.038,30,0.2,0.041
TLAXCALA,6,0.038,0.036,63,0.401,0.044,78,0.497,0.036,10,0.064,0.02,10,0.064,0.042,55,0.35,0.044,77,0.49,0.037,15,0.096,0.021,37,0.236,0.04,70,0.446,0.04,40,0.255,0.031,10,0.064,0.037,5,0.032,0.033,34,0.217,0.041,98,0.624,0.042,20,0.127,0.022,22,0.14,0.029,77,0.49,0.048,48,0.306,0.03,10,0.064,0.035,8,0.051,0.046,34,0.217,0.032,94,0.599,0.04,21,0.134,0.031,7,0.045,0.045,57,0.363,0.042,82,0.522,0.035,11,0.07,0.029,12,0.076,0.037,46,0.293,0.037,81,0.516,0.039,18,0.115,0.028,7,0.045,0.035,49,0.312,0.042,81,0.516,0.038,20,0.127,0.027,5,0.032,0.039,27,0.172,0.033,100,0.637,0.041,25,0.159,0.03,7,0.045,0.048,32,0.204,0.033,100,0.637,0.041,18,0.115,0.025
VERACRUZ,6,0.054,0.036,40,0.357,0.028,58,0.518,0.027,8,0.071,0.016,8,0.071,0.033,32,0.286,0.026,60,0.536,0.029,12,0.107,0.017,17,0.152,0.018,57,0.509,0.033,32,0.286,0.025,6,0.054,0.022,2,0.018,0.013,30,0.268,0.036,56,0.5,0.024,24,0.214,0.026,10,0.089,0.013,44,0.393,0.027,51,0.455,0.032,7,0.063,0.025,3,0.027,0.017,27,0.241,0.026,66,0.589,0.028,16,0.143,0.023,2,0.018,0.013,33,0.295,0.024,70,0.625,0.03,7,0.063,0.018,3,0.027,0.009,38,0.339,0.031,62,0.554,0.03,9,0.08,0.014,3,0.027,0.015,39,0.348,0.033,53,0.473,0.025,17,0.152,0.023,1,0.009,0.008,20,0.179,0.025,72,0.643,0.029,19,0.17,0.022,2,0.018,0.014,21,0.188,0.022,73,0.652,0.03,16,0.143,0.022
YUCATÁN,3,0.03,0.018,33,0.327,0.023,49,0.485,0.023,16,0.158,0.033,7,0.069,0.029,28,0.277,0.022,49,0.485,0.024,17,0.168,0.024,21,0.208,0.023,40,0.396,0.023,33,0.327,0.025,7,0.069,0.026,5,0.05,0.033,9,0.089,0.011,67,0.663,0.028,20,0.198,0.022,21,0.208,0.028,38,0.376,0.024,35,0.347,0.022,7,0.069,0.025,4,0.04,0.023,25,0.248,0.024,59,0.584,0.025,13,0.129,0.019,2,0.02,0.013,35,0.347,0.026,53,0.525,0.022,11,0.109,0.029,6,0.059,0.019,30,0.297,0.024,53,0.525,0.026,12,0.119,0.018,3,0.03,0.015,32,0.317,0.027,50,0.495,0.023,16,0.158,0.022,2,0.02,0.016,17,0.168,0.021,58,0.574,0.024,24,0.238,0.028,4,0.04,0.027,23,0.228,0.024,55,0.545,0.023,19,0.188,0.026
ZACATECAS,9,0.048,0.053,80,0.428,0.056,85,0.455,0.039,13,0.07,0.027,10,0.053,0.042,78,0.417,0.062,82,0.439,0.04,17,0.091,0.024,47,0.251,0.05,78,0.417,0.045,57,0.305,0.044,5,0.027,0.019,8,0.043,0.053,55,0.294,0.067,94,0.503,0.04,30,0.16,0.033,51,0.273,0.067,70,0.374,0.043,62,0.332,0.039,4,0.021,0.014,14,0.075,0.08,55,0.294,0.052,100,0.535,0.043,18,0.096,0.026,7,0.037,0.045,74,0.396,0.055,97,0.519,0.041,9,0.048,0.023,15,0.08,0.047,60,0.321,0.049,93,0.497,0.045,19,0.102,0.029,9,0.048,0.045,61,0.326,0.052,95,0.508,0.044,22,0.118,0.03,8,0.043,0.062,52,0.278,0.064,102,0.545,0.041,25,0.134,0.03,8,0.043,0.055,64,0.342,0.067,93,0.497,0.039,22,0.118,0.03
Hombre,78,0.042,0.462,670,0.362,0.468,936,0.505,0.433,168,0.091,0.344,115,0.062,0.479,587,0.317,0.47,906,0.489,0.44,244,0.132,0.347,492,0.266,0.528,790,0.427,0.452,486,0.262,0.373,84,0.045,0.312,87,0.047,0.576,459,0.248,0.557,1040,0.562,0.441,266,0.144,0.289,336,0.181,0.444,737,0.398,0.457,656,0.354,0.41,123,0.066,0.436,90,0.049,0.514,492,0.266,0.465,1017,0.549,0.436,253,0.137,0.369,73,0.039,0.474,631,0.341,0.466,984,0.531,0.417,164,0.089,0.426,149,0.08,0.463,595,0.321,0.485,844,0.456,0.411,264,0.143,0.406,89,0.048,0.443,583,0.315,0.5,923,0.498,0.43,257,0.139,0.348,51,0.028,0.395,341,0.184,0.419,1087,0.587,0.441,373,0.201,0.441,50,0.027,0.342,407,0.22,0.423,1073,0.579,0.445,322,0.174,0.439
Mujer,91,0.038,0.538,761,0.317,0.532,1228,0.512,0.567,320,0.133,0.656,125,0.052,0.521,663,0.276,0.53,1152,0.48,0.56,460,0.192,0.653,439,0.183,0.472,958,0.399,0.548,818,0.341,0.627,185,0.077,0.688,64,0.027,0.424,365,0.152,0.443,1318,0.549,0.559,653,0.272,0.711,421,0.175,0.556,876,0.365,0.543,944,0.393,0.59,159,0.066,0.564,85,0.035,0.486,565,0.235,0.535,1317,0.549,0.564,433,0.18,0.631,81,0.034,0.526,723,0.301,0.534,1375,0.573,0.583,221,0.092,0.574,173,0.072,0.537,632,0.263,0.515,1208,0.503,0.589,387,0.161,0.594,112,0.047,0.557,584,0.243,0.5,1223,0.51,0.57,481,0.2,0.652,78,0.033,0.605,473,0.197,0.581,1376,0.573,0.559,473,0.197,0.559,96,0.04,0.658,555,0.231,0.577,1337,0.557,0.555,412,0.172,0.561
18 a 20 años,0,0,0,5,0.5,0.003,5,0.5,0.002,0,0,0,0,0,0,4,0.4,0.003,6,0.6,0.003,0,0,0,0,0,0,4,0.4,0.002,6,0.6,0.005,0,0,0,0,0,0,2,0.2,0.002,8,0.8,0.003,0,0,0,0,0,0,4,0.4,0.002,6,0.6,0.004,0,0,0,0,0,0,4,0.4,0.004,6,0.6,0.003,0,0,0,1,0.1,0.006,4,0.4,0.003,5,0.5,0.002,0,0,0,1,0.1,0.003,2,0.2,0.002,7,0.7,0.003,0,0,0,0,0,0,2,0.2,0.002,8,0.8,0.004,0,0,0,0,0,0,1,0.1,0.001,8,0.8,0.003,1,0.1,0.001,0,0,0,1,0.1,0.001,9,0.9,0.004,0,0,0
21 a 30 años,13,0.063,0.077,72,0.351,0.05,102,0.498,0.047,18,0.088,0.037,14,0.068,0.058,59,0.288,0.047,105,0.512,0.051,27,0.132,0.038,41,0.2,0.044,81,0.395,0.046,73,0.356,0.056,10,0.049,0.037,7,0.034,0.046,43,0.21,0.052,112,0.546,0.047,43,0.21,0.047,34,0.166,0.045,73,0.356,0.045,85,0.415,0.053,13,0.063,0.046,12,0.059,0.069,48,0.234,0.045,103,0.502,0.044,42,0.205,0.061,9,0.044,0.058,66,0.322,0.049,111,0.541,0.047,19,0.093,0.049,14,0.068,0.043,57,0.278,0.046,100,0.488,0.049,34,0.166,0.052,15,0.073,0.075,51,0.249,0.044,103,0.502,0.048,36,0.176,0.049,12,0.059,0.093,49,0.239,0.06,108,0.527,0.044,36,0.176,0.043,14,0.068,0.096,58,0.283,0.06,97,0.473,0.04,36,0.176,0.049
31 a 40 años,48,0.048,0.284,351,0.353,0.245,490,0.493,0.226,104,0.105,0.213,66,0.066,0.275,288,0.29,0.23,483,0.486,0.235,156,0.157,0.222,230,0.232,0.247,411,0.414,0.235,292,0.294,0.224,60,0.06,0.223,41,0.041,0.272,188,0.189,0.228,517,0.521,0.219,247,0.249,0.269,211,0.212,0.279,386,0.389,0.239,349,0.351,0.218,47,0.047,0.167,43,0.043,0.246,267,0.269,0.253,525,0.529,0.225,158,0.159,0.23,41,0.041,0.266,336,0.338,0.248,532,0.536,0.226,84,0.085,0.218,90,0.091,0.28,287,0.289,0.234,488,0.491,0.238,128,0.129,0.197,51,0.051,0.254,280,0.282,0.24,495,0.498,0.231,167,0.168,0.226,38,0.038,0.295,216,0.218,0.265,568,0.572,0.231,171,0.172,0.202,42,0.042,0.288,260,0.262,0.27,557,0.561,0.231,134,0.135,0.183
41 a 50 años,55,0.044,0.325,440,0.35,0.307,619,0.492,0.286,143,0.114,0.293,69,0.055,0.287,396,0.315,0.317,584,0.465,0.284,208,0.165,0.295,260,0.207,0.279,512,0.407,0.293,389,0.309,0.298,96,0.076,0.357,48,0.038,0.318,217,0.173,0.263,711,0.566,0.302,281,0.224,0.306,240,0.191,0.317,480,0.382,0.298,467,0.372,0.292,70,0.056,0.248,55,0.044,0.314,317,0.252,0.3,698,0.555,0.299,187,0.149,0.273,46,0.037,0.299,411,0.327,0.304,694,0.552,0.294,106,0.084,0.275,100,0.08,0.311,355,0.282,0.289,603,0.48,0.294,199,0.158,0.306,49,0.039,0.244,364,0.29,0.312,625,0.497,0.291,219,0.174,0.297,33,0.026,0.256,236,0.188,0.29,742,0.59,0.301,246,0.196,0.291,43,0.034,0.295,266,0.212,0.277,734,0.584,0.305,214,0.17,0.292
51 a 60 años,41,0.033,0.243,390,0.309,0.273,680,0.539,0.314,150,0.119,0.307,62,0.049,0.258,357,0.283,0.286,621,0.492,0.302,221,0.175,0.314,275,0.218,0.295,499,0.396,0.285,409,0.324,0.314,78,0.062,0.29,37,0.029,0.245,256,0.203,0.311,702,0.557,0.298,266,0.211,0.289,208,0.165,0.275,465,0.369,0.288,487,0.386,0.304,101,0.08,0.358,48,0.038,0.274,287,0.228,0.272,712,0.565,0.305,214,0.17,0.312,42,0.033,0.273,379,0.301,0.28,723,0.573,0.306,117,0.093,0.304,82,0.065,0.255,361,0.286,0.294,616,0.489,0.3,202,0.16,0.31,63,0.05,0.313,332,0.263,0.284,651,0.516,0.303,215,0.17,0.291,33,0.026,0.256,226,0.179,0.278,736,0.584,0.299,266,0.211,0.314,33,0.026,0.226,269,0.213,0.28,716,0.568,0.297,243,0.193,0.331
61 a 70 años,10,0.022,0.059,160,0.345,0.112,234,0.504,0.108,60,0.129,0.123,26,0.056,0.108,132,0.284,0.106,226,0.487,0.11,80,0.172,0.114,111,0.239,0.119,219,0.472,0.125,110,0.237,0.084,24,0.052,0.089,17,0.037,0.113,102,0.22,0.124,273,0.588,0.116,72,0.155,0.078,57,0.123,0.075,184,0.397,0.114,181,0.39,0.113,42,0.091,0.149,15,0.032,0.086,121,0.261,0.114,255,0.55,0.109,73,0.157,0.106,13,0.028,0.084,142,0.306,0.105,257,0.554,0.109,52,0.112,0.135,31,0.067,0.096,156,0.336,0.127,200,0.431,0.097,77,0.166,0.118,19,0.041,0.095,128,0.276,0.11,232,0.5,0.108,85,0.183,0.115,11,0.024,0.085,75,0.162,0.092,270,0.582,0.11,108,0.233,0.128,13,0.028,0.089,98,0.211,0.102,262,0.565,0.109,91,0.196,0.124
71 a 80 años,2,0.032,0.012,13,0.21,0.009,34,0.548,0.016,13,0.21,0.027,3,0.048,0.013,14,0.226,0.011,33,0.532,0.016,12,0.194,0.017,14,0.226,0.015,22,0.355,0.013,25,0.403,0.019,1,0.016,0.004,1,0.016,0.007,16,0.258,0.019,35,0.565,0.015,10,0.161,0.011,7,0.113,0.009,21,0.339,0.013,25,0.403,0.016,9,0.145,0.032,2,0.032,0.011,13,0.21,0.012,35,0.565,0.015,12,0.194,0.017,2,0.032,0.013,16,0.258,0.012,37,0.597,0.016,7,0.113,0.018,4,0.065,0.012,9,0.145,0.007,38,0.613,0.019,11,0.177,0.017,4,0.065,0.02,10,0.161,0.009,32,0.516,0.015,16,0.258,0.022,2,0.032,0.016,11,0.177,0.014,31,0.5,0.013,18,0.29,0.021,1,0.016,0.007,10,0.161,0.01,35,0.565,0.015,16,0.258,0.022
81 a 90 años,0,0,0,0,0,0,0,0,0,0,0,0,0,0,0,0,0,0,0,0,0,0,0,0,0,0,0,0,0,0,0,0,0,0,0,0,0,0,0,0,0,0,0,0,0,0,0,0,0,0,0,0,0,0,0,0,0,0,0,0,0,0,0,0,0,0,0,0,0,0,0,0,0,0,0,0,0,0,0,0,0,0,0,0,0,0,0,0,0,0,0,0,0,0,0,0,0,0,0,0,0,0,0,0,0,0,0,0,0,0,0,0,0,0,0,0,0,0,0,0,0,0,0,0,0,0,0,0,0,0,0,0
91 a 99 años,0,0,0,0,0,0,0,0,0,0,0,0,0,0,0,0,0,0,0,0,0,0,0,0,0,0,0,0,0,0,0,0,0,0,0,0,0,0,0,0,0,0,0,0,0,0,0,0,0,0,0,0,0,0,0,0,0,0,0,0,0,0,0,0,0,0,0,0,0,0,0,0,0,0,0,0,0,0,0,0,0,0,0,0,0,0,0,0,0,0,0,0,0,0,0,0,0,0,0,0,0,0,0,0,0,0,0,0,0,0,0,0,0,0,0,0,0,0,0,0,0,0,0,0,0,0,0,0,0,0,0,0
"Preparatoria, bachillerato o carrera técnica",0,0,0,7,0.389,0.005,9,0.5,0.004,2,0.111,0.004,0,0,0,5,0.278,0.004,8,0.444,0.004,5,0.278,0.007,2,0.111,0.002,6,0.333,0.003,7,0.389,0.005,3,0.167,0.011,0,0,0,5,0.278,0.006,8,0.444,0.003,5,0.278,0.005,0,0,0,6,0.333,0.004,12,0.667,0.008,0,0,0,0,0,0,3,0.167,0.003,12,0.667,0.005,3,0.167,0.004,0,0,0,5,0.278,0.004,10,0.556,0.004,3,0.167,0.008,1,0.056,0.003,1,0.056,0.001,10,0.556,0.005,6,0.333,0.009,0,0,0,4,0.222,0.003,10,0.556,0.005,4,0.222,0.005,1,0.056,0.008,5,0.278,0.006,7,0.389,0.003,5,0.278,0.006,1,0.056,0.007,5,0.278,0.005,9,0.5,0.004,3,0.167,0.004
Normal básica sin licenciatura,2,0.023,0.012,29,0.337,0.02,45,0.523,0.021,10,0.116,0.02,1,0.012,0.004,23,0.267,0.018,45,0.523,0.022,17,0.198,0.024,11,0.128,0.012,33,0.384,0.019,34,0.395,0.026,8,0.093,0.03,1,0.012,0.007,14,0.163,0.017,51,0.593,0.022,20,0.233,0.022,9,0.105,0.012,30,0.349,0.019,40,0.465,0.025,7,0.081,0.025,2,0.023,0.011,13,0.151,0.012,59,0.686,0.025,12,0.14,0.017,3,0.035,0.019,21,0.244,0.016,53,0.616,0.022,9,0.105,0.023,1,0.012,0.003,24,0.279,0.02,50,0.581,0.024,11,0.128,0.017,1,0.012,0.005,24,0.279,0.021,47,0.547,0.022,14,0.163,0.019,4,0.047,0.031,12,0.14,0.015,59,0.686,0.024,11,0.128,0.013,3,0.035,0.021,18,0.209,0.019,53,0.616,0.022,12,0.14,0.016
Normal superior,8,0.033,0.047,75,0.31,0.052,127,0.525,0.059,32,0.132,0.066,9,0.037,0.038,72,0.298,0.058,128,0.529,0.062,33,0.136,0.047,63,0.26,0.068,102,0.421,0.058,66,0.273,0.051,11,0.045,0.041,10,0.041,0.066,54,0.223,0.066,145,0.599,0.061,33,0.136,0.036,33,0.136,0.044,90,0.372,0.056,99,0.409,0.062,20,0.083,0.071,3,0.012,0.017,64,0.264,0.061,134,0.554,0.057,41,0.169,0.06,4,0.017,0.026,83,0.343,0.061,132,0.545,0.056,23,0.095,0.06,12,0.05,0.037,82,0.339,0.067,117,0.483,0.057,31,0.128,0.048,6,0.025,0.03,60,0.248,0.051,137,0.566,0.064,39,0.161,0.053,6,0.025,0.047,37,0.153,0.045,147,0.607,0.06,52,0.215,0.061,6,0.025,0.041,46,0.19,0.048,146,0.603,0.061,44,0.182,0.06
Normal Intercultural Bilingüe,0,0,0,0,0,0,4,0.8,0.002,1,0.2,0.002,0,0,0,1,0.2,0.001,2,0.4,0.001,2,0.4,0.003,1,0.2,0.001,1,0.2,0.001,1,0.2,0.001,2,0.4,0.007,0,0,0,0,0,0,3,0.6,0.001,2,0.4,0.002,0,0,0,2,0.4,0.001,1,0.2,0.001,2,0.4,0.007,0,0,0,0,0,0,4,0.8,0.002,1,0.2,0.001,0,0,0,1,0.2,0.001,3,0.6,0.001,1,0.2,0.003,0,0,0,1,0.2,0.001,3,0.6,0.001,1,0.2,0.002,0,0,0,1,0.2,0.001,2,0.4,0.001,2,0.4,0.003,0,0,0,0,0,0,5,1,0.002,0,0,0,0,0,0,0,0,0,4,0.8,0.002,1,0.2,0.001
Licenciatura,81,0.044,0.479,596,0.325,0.416,950,0.518,0.439,206,0.112,0.422,99,0.054,0.413,478,0.261,0.382,937,0.511,0.455,319,0.174,0.453,319,0.174,0.343,732,0.399,0.419,630,0.344,0.483,152,0.083,0.565,50,0.027,0.331,319,0.174,0.387,1007,0.549,0.427,457,0.249,0.497,309,0.169,0.408,707,0.386,0.438,689,0.376,0.431,128,0.07,0.454,73,0.04,0.417,437,0.238,0.413,1004,0.548,0.43,319,0.174,0.465,63,0.034,0.409,557,0.304,0.411,1039,0.567,0.44,174,0.095,0.452,116,0.063,0.36,500,0.273,0.407,916,0.5,0.446,301,0.164,0.462,87,0.047,0.433,485,0.265,0.416,947,0.517,0.441,314,0.171,0.425,53,0.029,0.411,385,0.21,0.473,1075,0.586,0.436,320,0.175,0.378,62,0.034,0.425,440,0.24,0.457,1051,0.573,0.436,280,0.153,0.381
Especialidad,1,0.02,0.006,17,0.347,0.012,27,0.551,0.012,4,0.082,0.008,3,0.061,0.013,7,0.143,0.006,31,0.633,0.015,8,0.163,0.011,13,0.265,0.014,21,0.429,0.012,13,0.265,0.01,2,0.041,0.007,2,0.041,0.013,9,0.184,0.011,31,0.633,0.013,7,0.143,0.008,7,0.143,0.009,24,0.49,0.015,16,0.327,0.01,2,0.041,0.007,6,0.122,0.034,5,0.102,0.005,36,0.735,0.015,2,0.041,0.003,4,0.082,0.026,11,0.224,0.008,32,0.653,0.014,2,0.041,0.005,7,0.143,0.022,13,0.265,0.011,24,0.49,0.012,5,0.102,0.008,5,0.102,0.025,8,0.163,0.007,31,0.633,0.014,5,0.102,0.007,1,0.02,0.008,7,0.143,0.009,36,0.735,0.015,5,0.102,0.006,2,0.041,0.014,6,0.122,0.006,33,0.673,0.014,8,0.163,0.011
Maestría,64,0.041,0.379,567,0.361,0.396,771,0.491,0.356,167,0.106,0.342,100,0.064,0.417,513,0.327,0.41,719,0.458,0.349,237,0.151,0.337,412,0.263,0.443,661,0.421,0.378,430,0.274,0.33,66,0.042,0.245,67,0.043,0.444,326,0.208,0.396,871,0.555,0.369,305,0.194,0.332,310,0.198,0.41,605,0.386,0.375,565,0.36,0.353,89,0.057,0.316,69,0.044,0.394,426,0.272,0.403,848,0.54,0.363,226,0.144,0.329,60,0.038,0.39,534,0.34,0.394,842,0.537,0.357,133,0.085,0.345,141,0.09,0.438,478,0.305,0.39,722,0.46,0.352,228,0.145,0.35,81,0.052,0.403,461,0.294,0.395,760,0.484,0.354,267,0.17,0.362,50,0.032,0.388,292,0.186,0.359,899,0.573,0.365,328,0.209,0.388,60,0.038,0.411,364,0.232,0.378,868,0.553,0.36,277,0.177,0.377
Doctorado,13,0.03,0.077,135,0.31,0.094,224,0.514,0.104,64,0.147,0.131,27,0.062,0.113,144,0.33,0.115,185,0.424,0.09,80,0.183,0.114,105,0.241,0.113,186,0.427,0.106,120,0.275,0.092,25,0.057,0.093,19,0.044,0.126,92,0.211,0.112,239,0.548,0.101,86,0.197,0.094,82,0.188,0.108,146,0.335,0.091,176,0.404,0.11,32,0.073,0.113,19,0.044,0.109,105,0.241,0.099,233,0.534,0.1,79,0.181,0.115,19,0.044,0.123,135,0.31,0.1,245,0.562,0.104,37,0.085,0.096,41,0.094,0.127,123,0.282,0.1,207,0.475,0.101,65,0.149,0.1,17,0.039,0.085,121,0.278,0.104,208,0.477,0.097,90,0.206,0.122,13,0.03,0.101,73,0.167,0.09,230,0.528,0.093,120,0.275,0.142,11,0.025,0.075,80,0.183,0.083,241,0.553,0.1,104,0.239,0.142
Posdoctorado,0,0,0,5,0.357,0.003,7,0.5,0.003,2,0.143,0.004,1,0.071,0.004,7,0.5,0.006,3,0.214,0.001,3,0.214,0.004,5,0.357,0.005,6,0.429,0.003,3,0.214,0.002,0,0,0,2,0.143,0.013,5,0.357,0.006,3,0.214,0.001,4,0.286,0.004,7,0.5,0.009,3,0.214,0.002,2,0.143,0.001,2,0.143,0.007,3,0.214,0.017,4,0.286,0.004,4,0.286,0.002,3,0.214,0.004,1,0.071,0.006,7,0.5,0.005,3,0.214,0.001,3,0.214,0.008,3,0.214,0.009,5,0.357,0.004,3,0.214,0.001,3,0.214,0.005,4,0.286,0.02,3,0.214,0.003,4,0.286,0.002,3,0.214,0.004,1,0.071,0.008,3,0.214,0.004,5,0.357,0.002,5,0.357,0.006,1,0.071,0.007,3,0.214,0.003,5,0.357,0.002,5,0.357,0.007
Menor o igual a 10,130,0.045,0.769,986,0.342,0.689,1465,0.507,0.677,306,0.106,0.627,168,0.058,0.7,883,0.306,0.706,1381,0.478,0.671,455,0.158,0.646,648,0.224,0.696,1215,0.421,0.695,840,0.291,0.644,184,0.064,0.684,108,0.037,0.715,556,0.193,0.675,1589,0.55,0.674,634,0.22,0.69,543,0.188,0.717,1112,0.385,0.689,1057,0.366,0.661,175,0.061,0.621,124,0.043,0.709,727,0.252,0.688,1589,0.55,0.681,447,0.155,0.652,107,0.037,0.695,947,0.328,0.699,1588,0.55,0.673,245,0.085,0.636,218,0.076,0.677,852,0.295,0.694,1403,0.486,0.684,414,0.143,0.636,140,0.048,0.697,825,0.286,0.707,1442,0.499,0.672,480,0.166,0.65,94,0.033,0.729,566,0.196,0.695,1680,0.582,0.682,547,0.189,0.647,114,0.039,0.781,654,0.227,0.68,1657,0.574,0.688,462,0.16,0.629
11 a 20,21,0.024,0.124,304,0.34,0.212,454,0.508,0.21,114,0.128,0.234,48,0.054,0.2,240,0.269,0.192,446,0.499,0.217,159,0.178,0.226,192,0.215,0.206,336,0.376,0.192,312,0.349,0.239,53,0.059,0.197,27,0.03,0.179,172,0.193,0.209,507,0.568,0.215,187,0.209,0.203,148,0.166,0.196,327,0.366,0.203,351,0.393,0.219,67,0.075,0.238,38,0.043,0.217,218,0.244,0.206,470,0.526,0.201,167,0.187,0.243,28,0.031,0.182,270,0.302,0.199,502,0.562,0.213,93,0.104,0.242,70,0.078,0.217,233,0.261,0.19,429,0.48,0.209,161,0.18,0.247,36,0.04,0.179,219,0.245,0.188,470,0.526,0.219,168,0.188,0.228,23,0.026,0.178,155,0.174,0.19,521,0.583,0.212,194,0.217,0.229,21,0.024,0.144,201,0.225,0.209,496,0.555,0.206,175,0.196,0.238
21 a 30,18,0.038,0.107,141,0.299,0.099,245,0.519,0.113,68,0.144,0.139,24,0.051,0.1,127,0.269,0.102,231,0.489,0.112,90,0.191,0.128,91,0.193,0.098,197,0.417,0.113,152,0.322,0.117,32,0.068,0.119,16,0.034,0.106,96,0.203,0.117,262,0.555,0.111,98,0.208,0.107,66,0.14,0.087,174,0.369,0.108,192,0.407,0.12,40,0.085,0.142,13,0.028,0.074,112,0.237,0.106,275,0.583,0.118,72,0.153,0.105,19,0.04,0.123,137,0.29,0.101,269,0.57,0.114,47,0.1,0.122,34,0.072,0.106,142,0.301,0.116,220,0.466,0.107,76,0.161,0.117,25,0.053,0.124,123,0.261,0.105,234,0.496,0.109,90,0.191,0.122,12,0.025,0.093,93,0.197,0.114,262,0.555,0.106,105,0.222,0.124,11,0.023,0.075,107,0.227,0.111,257,0.544,0.107,97,0.206,0.132
31 a 40,0,0,0,0,0,0,0,0,0,0,0,0,0,0,0,0,0,0,0,0,0,0,0,0,0,0,0,0,0,0,0,0,0,0,0,0,0,0,0,0,0,0,0,0,0,0,0,0,0,0,0,0,0,0,0,0,0,0,0,0,0,0,0,0,0,0,0,0,0,0,0,0,0,0,0,0,0,0,0,0,0,0,0,0,0,0,0,0,0,0,0,0,0,0,0,0,0,0,0,0,0,0,0,0,0,0,0,0,0,0,0,0,0,0,0,0,0,0,0,0,0,0,0,0,0,0,0,0,0,0,0,0
41 a 50,0,0,0,0,0,0,0,0,0,0,0,0,0,0,0,0,0,0,0,0,0,0,0,0,0,0,0,0,0,0,0,0,0,0,0,0,0,0,0,0,0,0,0,0,0,0,0,0,0,0,0,0,0,0,0,0,0,0,0,0,0,0,0,0,0,0,0,0,0,0,0,0,0,0,0,0,0,0,0,0,0,0,0,0,0,0,0,0,0,0,0,0,0,0,0,0,0,0,0,0,0,0,0,0,0,0,0,0,0,0,0,0,0,0,0,0,0,0,0,0,0,0,0,0,0,0,0,0,0,0,0,0
Mayor o igual a 51,0,0,0,0,0,0,0,0,0,0,0,0,0,0,0,0,0,0,0,0,0,0,0,0,0,0,0,0,0,0,0,0,0,0,0,0,0,0,0,0,0,0,0,0,0,0,0,0,0,0,0,0,0,0,0,0,0,0,0,0,0,0,0,0,0,0,0,0,0,0,0,0,0,0,0,0,0,0,0,0,0,0,0,0,0,0,0,0,0,0,0,0,0,0,0,0,0,0,0,0,0,0,0,0,0,0,0,0,0,0,0,0,0,0,0,0,0,0,0,0,0,0,0,0,0,0,0,0,0,0,0,0
Definitivo o base,129,0.039,0.763,1151,0.344,0.804,1684,0.503,0.778,382,0.114,0.783,201,0.06,0.838,1014,0.303,0.811,1590,0.475,0.773,541,0.162,0.768,747,0.223,0.802,1411,0.422,0.807,998,0.298,0.765,190,0.057,0.706,125,0.037,0.828,643,0.192,0.78,1851,0.553,0.785,727,0.217,0.791,609,0.182,0.804,1282,0.383,0.795,1246,0.372,0.779,209,0.062,0.741,143,0.043,0.817,851,0.254,0.805,1836,0.549,0.787,516,0.154,0.752,128,0.038,0.831,1062,0.317,0.784,1863,0.557,0.79,293,0.088,0.761,271,0.081,0.842,985,0.294,0.803,1593,0.476,0.776,497,0.149,0.763,157,0.047,0.781,945,0.282,0.81,1675,0.501,0.781,569,0.17,0.771,95,0.028,0.736,640,0.191,0.786,1942,0.58,0.788,669,0.2,0.791,107,0.032,0.733,768,0.23,0.798,1892,0.565,0.785,579,0.173,0.789
Interino,11,0.082,0.065,40,0.299,0.028,68,0.507,0.031,15,0.112,0.031,11,0.082,0.046,39,0.291,0.031,63,0.47,0.031,21,0.157,0.03,37,0.276,0.04,56,0.418,0.032,30,0.224,0.023,11,0.082,0.041,7,0.052,0.046,25,0.187,0.03,80,0.597,0.034,22,0.164,0.024,29,0.216,0.038,47,0.351,0.029,46,0.343,0.029,12,0.09,0.043,6,0.045,0.034,37,0.276,0.035,71,0.53,0.03,20,0.149,0.029,4,0.03,0.026,49,0.366,0.036,66,0.493,0.028,15,0.112,0.039,12,0.09,0.037,39,0.291,0.032,57,0.425,0.028,26,0.194,0.04,10,0.075,0.05,37,0.276,0.032,63,0.47,0.029,24,0.179,0.033,6,0.045,0.047,21,0.157,0.026,71,0.53,0.029,36,0.269,0.043,7,0.052,0.048,21,0.157,0.022,72,0.537,0.03,34,0.254,0.046
No tengo nombramiento,18,0.039,0.107,149,0.323,0.104,247,0.536,0.114,47,0.102,0.096,14,0.03,0.058,124,0.269,0.099,245,0.531,0.119,78,0.169,0.111,80,0.174,0.086,169,0.367,0.097,173,0.375,0.133,39,0.085,0.145,12,0.026,0.079,93,0.202,0.113,254,0.551,0.108,102,0.221,0.111,69,0.15,0.091,168,0.364,0.104,193,0.419,0.121,31,0.067,0.11,16,0.035,0.091,104,0.226,0.098,249,0.54,0.107,92,0.2,0.134,13,0.028,0.084,162,0.351,0.12,235,0.51,0.1,51,0.111,0.132,21,0.046,0.065,131,0.284,0.107,233,0.505,0.114,76,0.165,0.117,22,0.048,0.109,111,0.241,0.095,241,0.523,0.112,87,0.189,0.118,17,0.037,0.132,99,0.215,0.122,276,0.599,0.112,69,0.15,0.082,21,0.046,0.144,113,0.245,0.117,268,0.581,0.111,59,0.128,0.08
Otro,11,0.035,0.065,91,0.293,0.064,165,0.531,0.076,44,0.141,0.09,14,0.045,0.058,73,0.235,0.058,160,0.514,0.078,64,0.206,0.091,67,0.215,0.072,112,0.36,0.064,103,0.331,0.079,29,0.093,0.108,7,0.023,0.046,63,0.203,0.076,173,0.556,0.073,68,0.219,0.074,50,0.161,0.066,116,0.373,0.072,115,0.37,0.072,30,0.096,0.106,10,0.032,0.057,65,0.209,0.061,178,0.572,0.076,58,0.186,0.085,9,0.029,0.058,81,0.26,0.06,195,0.627,0.083,26,0.084,0.068,18,0.058,0.056,72,0.232,0.059,169,0.543,0.082,52,0.167,0.08,12,0.039,0.06,74,0.238,0.063,167,0.537,0.078,58,0.186,0.079,11,0.035,0.085,54,0.174,0.066,174,0.559,0.071,72,0.232,0.085,11,0.035,0.075,60,0.193,0.062,178,0.572,0.074,62,0.199,0.084
GENERAL PÚBLICA,107,0.039,0.633,958,0.345,0.669,1385,0.498,0.64,329,0.118,0.674,159,0.057,0.663,781,0.281,0.625,1361,0.49,0.661,478,0.172,0.679,542,0.195,0.582,1149,0.413,0.657,900,0.324,0.69,188,0.068,0.699,86,0.031,0.57,476,0.171,0.578,1544,0.556,0.655,673,0.242,0.732,508,0.183,0.671,1029,0.37,0.638,1063,0.383,0.664,179,0.064,0.635,111,0.04,0.634,677,0.244,0.64,1538,0.553,0.659,453,0.163,0.66,100,0.036,0.649,861,0.31,0.636,1587,0.571,0.673,231,0.083,0.6,212,0.076,0.658,792,0.285,0.645,1363,0.49,0.664,412,0.148,0.633,144,0.052,0.716,752,0.271,0.644,1391,0.501,0.648,492,0.177,0.667,92,0.033,0.713,565,0.203,0.694,1607,0.578,0.652,515,0.185,0.609,103,0.037,0.705,659,0.237,0.685,1563,0.562,0.649,454,0.163,0.619
INDÍGENAS,15,0.041,0.089,108,0.293,0.075,210,0.569,0.097,36,0.098,0.074,13,0.035,0.054,99,0.268,0.079,193,0.523,0.094,64,0.173,0.091,31,0.084,0.033,128,0.347,0.073,174,0.472,0.133,36,0.098,0.134,8,0.022,0.053,56,0.152,0.068,215,0.583,0.091,90,0.244,0.098,43,0.117,0.057,138,0.374,0.086,161,0.436,0.101,27,0.073,0.096,9,0.024,0.051,75,0.203,0.071,223,0.604,0.096,62,0.168,0.09,11,0.03,0.071,109,0.295,0.081,216,0.585,0.092,33,0.089,0.086,10,0.027,0.031,80,0.217,0.065,215,0.583,0.105,64,0.173,0.098,11,0.03,0.055,90,0.244,0.077,207,0.561,0.096,61,0.165,0.083,11,0.03,0.085,69,0.187,0.085,222,0.602,0.09,67,0.182,0.079,8,0.022,0.055,79,0.214,0.082,235,0.637,0.098,47,0.127,0.064
TÉCNICA,24,0.043,0.142,173,0.308,0.121,292,0.52,0.135,72,0.128,0.148,45,0.08,0.188,198,0.353,0.158,241,0.43,0.117,77,0.137,0.109,188,0.335,0.202,245,0.437,0.14,107,0.191,0.082,21,0.037,0.078,23,0.041,0.152,146,0.26,0.177,311,0.554,0.132,81,0.144,0.088,85,0.152,0.112,210,0.374,0.13,220,0.392,0.138,46,0.082,0.163,20,0.036,0.114,145,0.258,0.137,302,0.538,0.129,94,0.168,0.137,19,0.034,0.123,191,0.34,0.141,284,0.506,0.12,67,0.119,0.174,47,0.084,0.146,186,0.332,0.152,239,0.426,0.116,89,0.159,0.137,25,0.045,0.124,170,0.303,0.146,279,0.497,0.13,87,0.155,0.118,10,0.018,0.078,97,0.173,0.119,321,0.572,0.13,133,0.237,0.157,15,0.027,0.103,115,0.205,0.12,314,0.56,0.13,117,0.209,0.159
TELESECUNDARIA,23,0.042,0.136,192,0.354,0.134,277,0.51,0.128,51,0.094,0.105,23,0.042,0.096,172,0.317,0.138,263,0.484,0.128,85,0.157,0.121,170,0.313,0.183,226,0.416,0.129,123,0.227,0.094,24,0.044,0.089,34,0.063,0.225,146,0.269,0.177,288,0.53,0.122,75,0.138,0.082,121,0.223,0.16,236,0.435,0.146,156,0.287,0.098,30,0.055,0.106,35,0.064,0.2,160,0.295,0.151,271,0.499,0.116,77,0.142,0.112,24,0.044,0.156,193,0.355,0.143,272,0.501,0.115,54,0.099,0.14,53,0.098,0.165,169,0.311,0.138,235,0.433,0.115,86,0.158,0.132,21,0.039,0.104,155,0.285,0.133,269,0.495,0.125,98,0.18,0.133,16,0.029,0.124,83,0.153,0.102,313,0.576,0.127,131,0.241,0.155,20,0.037,0.137,109,0.201,0.113,298,0.549,0.124,116,0.214,0.158
Total,169,0.04,1,1431,0.337,1,2164,0.509,1,488,0.115,1,240,0.056,1,1250,0.294,1,2058,0.484,1,704,0.166,1,931,0.219,1,1748,0.411,1,1304,0.307,1,269,0.063,1,151,0.036,1,824,0.194,1,2358,0.555,1,919,0.216,1,757,0.178,1,1613,0.379,1,1600,0.376,1,282,0.066,1,175,0.041,1,1057,0.249,1,2334,0.549,1,686,0.161,1,154,0.036,1,1354,0.318,1,2359,0.555,1,385,0.091,1,322,0.076,1,1227,0.289,1,2052,0.483,1,651,0.153,1,201,0.047,1,1167,0.274,1,2146,0.505,1,738,0.174,1,129,0.03,1,814,0.191,1,2463,0.579,1,846,0.199,1,146,0.034,1,962,0.226,1,2410,0.567,1,734,0.173,1
