Variable,B4-A-Muy difícil-Recuento,B4-A-Muy difícil-% del N de fila,B4-A-Muy difícil-% de N columnas,B4-A-Difícil-Recuento,B4-A-Difícil-% del N de fila,B4-A-Difícil-% de N columnas,B4-A-Poco difícil-Recuento,B4-A-Poco difícil-% del N de fila,B4-A-Poco difícil-% de N columnas,B4-A-Nada difícil-Recuento,B4-A-Nada difícil-% del N de fila,B4-A-Nada difícil-% de N columnas,B4-B-Muy difícil-Recuento,B4-B-Muy difícil-% del N de fila,B4-B-Muy difícil-% de N columnas,B4-B-Difícil-Recuento,B4-B-Difícil-% del N de fila,B4-B-Difícil-% de N columnas,B4-B-Poco difícil-Recuento,B4-B-Poco difícil-% del N de fila,B4-B-Poco difícil-% de N columnas,B4-B-Nada difícil-Recuento,B4-B-Nada difícil-% del N de fila,B4-B-Nada difícil-% de N columnas,B4-C-Muy difícil-Recuento,B4-C-Muy difícil-% del N de fila,B4-C-Muy difícil-% de N columnas,B4-C-Difícil-Recuento,B4-C-Difícil-% del N de fila,B4-C-Difícil-% de N columnas,B4-C-Poco difícil-Recuento,B4-C-Poco difícil-% del N de fila,B4-C-Poco difícil-% de N columnas,B4-C-Nada difícil-Recuento,B4-C-Nada difícil-% del N de fila,B4-C-Nada difícil-% de N columnas,B4-D-Muy difícil-Recuento,B4-D-Muy difícil-% del N de fila,B4-D-Muy difícil-% de N columnas,B4-D-Difícil-Recuento,B4-D-Difícil-% del N de fila,B4-D-Difícil-% de N columnas,B4-D-Poco difícil-Recuento,B4-D-Poco difícil-% del N de fila,B4-D-Poco difícil-% de N columnas,B4-D-Nada difícil-Recuento,B4-D-Nada difícil-% del N de fila,B4-D-Nada difícil-% de N columnas,B4-E-Muy difícil-Recuento,B4-E-Muy difícil-% del N de fila,B4-E-Muy difícil-% de N columnas,B4-E-Difícil-Recuento,B4-E-Difícil-% del N de fila,B4-E-Difícil-% de N columnas,B4-E-Poco difícil-Recuento,B4-E-Poco difícil-% del N de fila,B4-E-Poco difícil-% de N columnas,B4-E-Nada difícil-Recuento,B4-E-Nada difícil-% del N de fila,B4-E-Nada difícil-% de N columnas,B4-F-Muy difícil-Recuento,B4-F-Muy difícil-% del N de fila,B4-F-Muy difícil-% de N columnas,B4-F-Difícil-Recuento,B4-F-Difícil-% del N de fila,B4-F-Difícil-% de N columnas,B4-F-Poco difícil-Recuento,B4-F-Poco difícil-% del N de fila,B4-F-Poco difícil-% de N columnas,B4-F-Nada difícil-Recuento,B4-F-Nada difícil-% del N de fila,B4-F-Nada difícil-% de N columnas,B4-G-Muy difícil-Recuento,B4-G-Muy difícil-% del N de fila,B4-G-Muy difícil-% de N columnas,B4-G-Difícil-Recuento,B4-G-Difícil-% del N de fila,B4-G-Difícil-% de N columnas,B4-G-Poco difícil-Recuento,B4-G-Poco difícil-% del N de fila,B4-G-Poco difícil-% de N columnas,B4-G-Nada difícil-Recuento,B4-G-Nada difícil-% del N de fila,B4-G-Nada difícil-% de N columnas,B4-H-Muy difícil-Recuento,B4-H-Muy difícil-% del N de fila,B4-H-Muy difícil-% de N columnas,B4-H-Difícil-Recuento,B4-H-Difícil-% del N de fila,B4-H-Difícil-% de N columnas,B4-H-Poco difícil-Recuento,B4-H-Poco difícil-% del N de fila,B4-H-Poco difícil-% de N columnas,B4-H-Nada difícil-Recuento,B4-H-Nada difícil-% del N de fila,B4-H-Nada difícil-% de N columnas,B4-I-Muy difícil-Recuento,B4-I-Muy difícil-% del N de fila,B4-I-Muy difícil-% de N columnas,B4-I-Difícil-Recuento,B4-I-Difícil-% del N de fila,B4-I-Difícil-% de N columnas,B4-I-Poco difícil-Recuento,B4-I-Poco difícil-% del N de fila,B4-I-Poco difícil-% de N columnas,B4-I-Nada difícil-Recuento,B4-I-Nada difícil-% del N de fila,B4-I-Nada difícil-% de N columnas,B4-J-Muy difícil-Recuento,B4-J-Muy difícil-% del N de fila,B4-J-Muy difícil-% de N columnas,B4-J-Difícil-Recuento,B4-J-Difícil-% del N de fila,B4-J-Difícil-% de N columnas,B4-J-Poco difícil-Recuento,B4-J-Poco difícil-% del N de fila,B4-J-Poco difícil-% de N columnas,B4-J-Nada difícil-Recuento,B4-J-Nada difícil-% del N de fila,B4-J-Nada difícil-% de N columnas,B4-K-Muy difícil-Recuento,B4-K-Muy difícil-% del N de fila,B4-K-Muy difícil-% de N columnas,B4-K-Difícil-Recuento,B4-K-Difícil-% del N de fila,B4-K-Difícil-% de N columnas,B4-K-Poco difícil-Recuento,B4-K-Poco difícil-% del N de fila,B4-K-Poco difícil-% de N columnas,B4-K-Nada difícil-Recuento,B4-K-Nada difícil-% del N de fila,B4-K-Nada difícil-% de N columnas
AGUASCALIENTES,58,0.101,0.072,251,0.438,0.055,231,0.403,0.043,33,0.058,0.041,37,0.065,0.046,228,0.398,0.062,240,0.419,0.043,68,0.119,0.048,150,0.262,0.062,267,0.466,0.054,131,0.229,0.037,25,0.044,0.047,19,0.033,0.043,172,0.3,0.063,297,0.518,0.046,85,0.148,0.048,103,0.18,0.05,241,0.421,0.053,195,0.34,0.046,34,0.059,0.055,32,0.056,0.054,188,0.328,0.062,282,0.492,0.045,71,0.124,0.044,36,0.063,0.064,246,0.429,0.06,259,0.452,0.043,32,0.056,0.042,88,0.154,0.067,218,0.38,0.051,229,0.4,0.047,38,0.066,0.038,53,0.092,0.08,221,0.386,0.063,249,0.435,0.042,50,0.087,0.037,33,0.058,0.063,175,0.305,0.057,307,0.536,0.047,58,0.101,0.041,31,0.054,0.052,207,0.361,0.061,289,0.504,0.046,46,0.08,0.037
BAJA CALIFORNIA,4,0.039,0.005,39,0.382,0.009,51,0.5,0.01,8,0.078,0.01,3,0.029,0.004,34,0.333,0.009,51,0.5,0.009,14,0.137,0.01,18,0.176,0.007,43,0.422,0.009,38,0.373,0.011,3,0.029,0.006,4,0.039,0.009,23,0.225,0.008,62,0.608,0.01,13,0.127,0.007,19,0.186,0.009,37,0.363,0.008,41,0.402,0.01,5,0.049,0.008,7,0.069,0.012,26,0.255,0.009,59,0.578,0.009,10,0.098,0.006,4,0.039,0.007,36,0.353,0.009,59,0.578,0.01,3,0.029,0.004,10,0.098,0.008,40,0.392,0.009,45,0.441,0.009,7,0.069,0.007,5,0.049,0.008,28,0.275,0.008,57,0.559,0.01,12,0.118,0.009,4,0.039,0.008,18,0.176,0.006,65,0.637,0.01,15,0.147,0.011,6,0.059,0.01,17,0.167,0.005,65,0.637,0.01,14,0.137,0.011
BAJA CALIFORNIA SUR,38,0.055,0.047,249,0.361,0.055,338,0.49,0.064,65,0.094,0.081,45,0.065,0.056,201,0.291,0.055,352,0.51,0.063,92,0.133,0.065,147,0.213,0.06,316,0.458,0.064,204,0.296,0.058,23,0.033,0.043,28,0.041,0.063,157,0.228,0.057,407,0.59,0.063,98,0.142,0.055,111,0.161,0.054,277,0.401,0.061,258,0.374,0.061,44,0.064,0.072,46,0.067,0.077,183,0.266,0.061,372,0.54,0.06,88,0.128,0.054,33,0.048,0.059,219,0.317,0.053,401,0.581,0.067,37,0.054,0.048,73,0.106,0.056,251,0.364,0.058,311,0.451,0.064,55,0.08,0.055,34,0.049,0.051,190,0.275,0.054,381,0.552,0.064,85,0.123,0.063,32,0.046,0.061,168,0.243,0.055,415,0.601,0.064,75,0.109,0.053,37,0.054,0.063,193,0.28,0.057,398,0.577,0.064,62,0.09,0.05
CAMPECHE,14,0.045,0.017,130,0.417,0.029,152,0.487,0.029,16,0.051,0.02,12,0.038,0.015,108,0.346,0.029,157,0.503,0.028,35,0.112,0.025,45,0.144,0.018,149,0.478,0.03,101,0.324,0.029,17,0.054,0.032,3,0.01,0.007,84,0.269,0.031,173,0.554,0.027,52,0.167,0.029,53,0.17,0.026,124,0.397,0.027,121,0.388,0.029,14,0.045,0.023,12,0.038,0.02,75,0.24,0.025,185,0.593,0.03,40,0.128,0.025,11,0.035,0.02,110,0.353,0.027,170,0.545,0.028,21,0.067,0.027,28,0.09,0.021,110,0.353,0.026,146,0.468,0.03,28,0.09,0.028,14,0.045,0.021,93,0.298,0.026,168,0.538,0.028,37,0.119,0.028,10,0.032,0.019,80,0.256,0.026,179,0.574,0.028,43,0.138,0.031,12,0.038,0.02,89,0.285,0.026,169,0.542,0.027,42,0.135,0.034
CHIAPAS,1,0.01,0.001,44,0.444,0.01,50,0.505,0.009,4,0.04,0.005,4,0.04,0.005,30,0.303,0.008,55,0.556,0.01,10,0.101,0.007,19,0.192,0.008,39,0.394,0.008,37,0.374,0.011,4,0.04,0.007,0,0,0,27,0.273,0.01,54,0.545,0.008,18,0.182,0.01,24,0.242,0.012,32,0.323,0.007,38,0.384,0.009,5,0.051,0.008,3,0.03,0.005,23,0.232,0.008,53,0.535,0.009,20,0.202,0.012,2,0.02,0.004,36,0.364,0.009,48,0.485,0.008,13,0.131,0.017,9,0.091,0.007,32,0.323,0.007,46,0.465,0.01,12,0.121,0.012,2,0.02,0.003,28,0.283,0.008,56,0.566,0.009,13,0.131,0.01,4,0.04,0.008,28,0.283,0.009,60,0.606,0.009,7,0.071,0.005,4,0.04,0.007,36,0.364,0.011,52,0.525,0.008,7,0.071,0.006
CHIHUAHUA,38,0.072,0.047,215,0.409,0.047,238,0.452,0.045,35,0.067,0.044,39,0.074,0.048,174,0.331,0.047,246,0.468,0.044,67,0.127,0.048,147,0.279,0.06,213,0.405,0.043,150,0.285,0.043,16,0.03,0.03,27,0.051,0.061,126,0.24,0.046,289,0.549,0.044,84,0.16,0.047,117,0.222,0.057,179,0.34,0.039,203,0.386,0.048,27,0.051,0.044,30,0.057,0.05,133,0.253,0.044,281,0.534,0.045,82,0.156,0.051,37,0.07,0.066,166,0.316,0.04,277,0.527,0.046,46,0.087,0.06,51,0.097,0.039,192,0.365,0.045,234,0.445,0.048,49,0.093,0.049,32,0.061,0.048,150,0.285,0.042,282,0.536,0.048,62,0.118,0.046,21,0.04,0.04,142,0.27,0.047,301,0.572,0.047,62,0.118,0.044,27,0.051,0.046,162,0.308,0.048,273,0.519,0.044,64,0.122,0.051
CIUDAD DE MÉXICO,83,0.097,0.103,398,0.466,0.088,333,0.39,0.063,40,0.047,0.05,100,0.117,0.124,353,0.413,0.096,343,0.402,0.062,58,0.068,0.041,260,0.304,0.107,391,0.458,0.079,187,0.219,0.053,16,0.019,0.03,54,0.063,0.122,237,0.278,0.087,458,0.536,0.071,105,0.123,0.059,169,0.198,0.083,370,0.433,0.081,281,0.329,0.067,34,0.04,0.055,81,0.095,0.136,284,0.333,0.094,406,0.475,0.065,83,0.097,0.051,53,0.062,0.094,397,0.465,0.096,374,0.438,0.062,30,0.035,0.039,176,0.206,0.135,381,0.446,0.089,259,0.303,0.054,38,0.044,0.038,70,0.082,0.106,325,0.381,0.092,386,0.452,0.065,73,0.085,0.054,54,0.063,0.103,274,0.321,0.09,447,0.523,0.069,79,0.093,0.056,54,0.063,0.091,304,0.356,0.09,425,0.498,0.068,71,0.083,0.057
COAHUILA,17,0.085,0.021,75,0.375,0.017,94,0.47,0.018,14,0.07,0.017,14,0.07,0.017,68,0.34,0.019,93,0.465,0.017,25,0.125,0.018,45,0.225,0.018,86,0.43,0.017,61,0.305,0.017,8,0.04,0.015,9,0.045,0.02,45,0.225,0.016,121,0.605,0.019,25,0.125,0.014,32,0.16,0.016,84,0.42,0.018,74,0.37,0.018,10,0.05,0.016,7,0.035,0.012,50,0.25,0.017,113,0.565,0.018,30,0.15,0.018,10,0.05,0.018,68,0.34,0.017,110,0.55,0.018,12,0.06,0.016,19,0.095,0.015,75,0.375,0.017,88,0.44,0.018,18,0.09,0.018,12,0.06,0.018,67,0.335,0.019,99,0.495,0.017,22,0.11,0.016,11,0.055,0.021,56,0.28,0.018,107,0.535,0.017,26,0.13,0.018,12,0.06,0.02,58,0.29,0.017,109,0.545,0.018,21,0.105,0.017
COLIMA,34,0.068,0.042,201,0.4,0.044,220,0.438,0.041,47,0.094,0.059,33,0.066,0.041,149,0.297,0.041,240,0.478,0.043,80,0.159,0.057,127,0.253,0.052,232,0.462,0.047,121,0.241,0.034,22,0.044,0.041,23,0.046,0.052,123,0.245,0.045,271,0.54,0.042,85,0.169,0.048,111,0.221,0.054,185,0.369,0.04,180,0.359,0.043,26,0.052,0.042,34,0.068,0.057,141,0.281,0.047,250,0.498,0.04,77,0.153,0.047,34,0.068,0.06,186,0.371,0.045,238,0.474,0.04,44,0.088,0.058,74,0.147,0.057,206,0.41,0.048,188,0.375,0.039,34,0.068,0.034,32,0.064,0.048,173,0.345,0.049,240,0.478,0.041,57,0.114,0.043,20,0.04,0.038,121,0.241,0.04,275,0.548,0.043,86,0.171,0.061,28,0.056,0.047,135,0.269,0.04,263,0.524,0.042,76,0.151,0.061
DURANGO,28,0.075,0.035,138,0.372,0.03,172,0.464,0.032,33,0.089,0.041,36,0.097,0.045,120,0.323,0.033,160,0.431,0.029,55,0.148,0.039,73,0.197,0.03,165,0.445,0.033,118,0.318,0.034,15,0.04,0.028,13,0.035,0.029,90,0.243,0.033,201,0.542,0.031,67,0.181,0.038,71,0.191,0.035,144,0.388,0.032,129,0.348,0.031,27,0.073,0.044,19,0.051,0.032,101,0.272,0.034,187,0.504,0.03,64,0.173,0.039,19,0.051,0.034,135,0.364,0.033,195,0.526,0.032,22,0.059,0.029,31,0.084,0.024,132,0.356,0.031,164,0.442,0.034,44,0.119,0.044,20,0.054,0.03,120,0.323,0.034,182,0.491,0.031,49,0.132,0.037,20,0.054,0.038,115,0.31,0.038,189,0.509,0.029,47,0.127,0.033,22,0.059,0.037,127,0.342,0.038,177,0.477,0.028,45,0.121,0.036
ESTADO DE MÉXICO,49,0.099,0.061,231,0.465,0.051,200,0.402,0.038,17,0.034,0.021,44,0.089,0.054,189,0.38,0.051,229,0.461,0.041,35,0.07,0.025,101,0.203,0.041,225,0.453,0.045,151,0.304,0.043,20,0.04,0.037,28,0.056,0.063,139,0.28,0.051,273,0.549,0.042,57,0.115,0.032,86,0.173,0.042,211,0.425,0.046,179,0.36,0.042,21,0.042,0.034,38,0.076,0.064,137,0.276,0.046,268,0.539,0.043,54,0.109,0.033,33,0.066,0.059,200,0.402,0.049,236,0.475,0.039,28,0.056,0.037,68,0.137,0.052,201,0.404,0.047,198,0.398,0.041,30,0.06,0.03,40,0.08,0.06,163,0.328,0.046,249,0.501,0.042,45,0.091,0.034,32,0.064,0.061,151,0.304,0.05,267,0.537,0.041,47,0.095,0.033,33,0.066,0.056,165,0.332,0.049,260,0.523,0.042,39,0.078,0.031
GUANAJUATO,24,0.065,0.03,144,0.388,0.032,176,0.474,0.033,27,0.073,0.034,16,0.043,0.02,119,0.321,0.032,186,0.501,0.033,50,0.135,0.035,69,0.186,0.028,171,0.461,0.035,117,0.315,0.033,14,0.038,0.026,12,0.032,0.027,91,0.245,0.033,209,0.563,0.032,59,0.159,0.033,43,0.116,0.021,147,0.396,0.032,150,0.404,0.036,31,0.084,0.05,19,0.051,0.032,79,0.213,0.026,208,0.561,0.033,65,0.175,0.04,17,0.046,0.03,130,0.35,0.032,199,0.536,0.033,25,0.067,0.033,38,0.102,0.029,133,0.358,0.031,172,0.464,0.036,28,0.075,0.028,28,0.075,0.042,107,0.288,0.03,185,0.499,0.031,51,0.137,0.038,14,0.038,0.027,103,0.278,0.034,202,0.544,0.031,52,0.14,0.037,15,0.04,0.025,117,0.315,0.035,201,0.542,0.032,38,0.102,0.03
GUERRERO,0,0,0,4,0.2,0.001,12,0.6,0.002,4,0.2,0.005,1,0.05,0.001,2,0.1,0.001,10,0.5,0.002,7,0.35,0.005,3,0.15,0.001,6,0.3,0.001,8,0.4,0.002,3,0.15,0.006,1,0.05,0.002,3,0.15,0.001,12,0.6,0.002,4,0.2,0.002,3,0.15,0.001,6,0.3,0.001,7,0.35,0.002,4,0.2,0.007,1,0.05,0.002,2,0.1,0.001,9,0.45,0.001,8,0.4,0.005,1,0.05,0.002,4,0.2,0.001,11,0.55,0.002,4,0.2,0.005,1,0.05,0.001,5,0.25,0.001,11,0.55,0.002,3,0.15,0.003,1,0.05,0.002,3,0.15,0.001,10,0.5,0.002,6,0.3,0.004,1,0.05,0.002,1,0.05,0,12,0.6,0.002,6,0.3,0.004,1,0.05,0.002,1,0.05,0,14,0.7,0.002,4,0.2,0.003
HIDALGO,23,0.07,0.029,122,0.371,0.027,156,0.474,0.029,28,0.085,0.035,17,0.052,0.021,100,0.304,0.027,166,0.505,0.03,46,0.14,0.033,56,0.17,0.023,127,0.386,0.026,125,0.38,0.036,21,0.064,0.039,14,0.043,0.032,70,0.213,0.026,188,0.571,0.029,57,0.173,0.032,48,0.146,0.023,131,0.398,0.029,135,0.41,0.032,15,0.046,0.024,13,0.04,0.022,83,0.252,0.028,187,0.568,0.03,46,0.14,0.028,14,0.043,0.025,117,0.356,0.028,180,0.547,0.03,18,0.055,0.024,26,0.079,0.02,112,0.34,0.026,153,0.465,0.032,38,0.116,0.038,14,0.043,0.021,95,0.289,0.027,178,0.541,0.03,42,0.128,0.031,11,0.033,0.021,87,0.264,0.029,187,0.568,0.029,44,0.134,0.031,13,0.04,0.022,81,0.246,0.024,194,0.59,0.031,41,0.125,0.033
JALISCO,17,0.072,0.021,114,0.485,0.025,89,0.379,0.017,15,0.064,0.019,22,0.094,0.027,87,0.37,0.024,103,0.438,0.019,23,0.098,0.016,60,0.255,0.025,112,0.477,0.023,53,0.226,0.015,10,0.043,0.019,11,0.047,0.025,70,0.298,0.026,129,0.549,0.02,25,0.106,0.014,63,0.268,0.031,102,0.434,0.022,63,0.268,0.015,7,0.03,0.011,14,0.06,0.023,88,0.374,0.029,109,0.464,0.018,24,0.102,0.015,8,0.034,0.014,106,0.451,0.026,106,0.451,0.018,15,0.064,0.02,48,0.204,0.037,100,0.426,0.023,76,0.323,0.016,11,0.047,0.011,13,0.055,0.02,98,0.417,0.028,102,0.434,0.017,22,0.094,0.016,8,0.034,0.015,65,0.277,0.021,137,0.583,0.021,25,0.106,0.018,11,0.047,0.019,84,0.357,0.025,118,0.502,0.019,22,0.094,0.018
MICHOACÁN,1,0.027,0.001,12,0.324,0.003,21,0.568,0.004,3,0.081,0.004,0,0,0,10,0.27,0.003,18,0.486,0.003,9,0.243,0.006,6,0.162,0.002,13,0.351,0.003,17,0.459,0.005,1,0.027,0.002,2,0.054,0.005,11,0.297,0.004,16,0.432,0.002,8,0.216,0.005,5,0.135,0.002,10,0.27,0.002,21,0.568,0.005,1,0.027,0.002,0,0,0,6,0.162,0.002,26,0.703,0.004,5,0.135,0.003,2,0.054,0.004,11,0.297,0.003,22,0.595,0.004,2,0.054,0.003,1,0.027,0.001,5,0.135,0.001,20,0.541,0.004,11,0.297,0.011,2,0.054,0.003,9,0.243,0.003,19,0.514,0.003,7,0.189,0.005,2,0.054,0.004,8,0.216,0.003,20,0.541,0.003,7,0.189,0.005,1,0.027,0.002,9,0.243,0.003,24,0.649,0.004,3,0.081,0.002
MORELOS,23,0.064,0.029,120,0.335,0.026,191,0.534,0.036,24,0.067,0.03,23,0.064,0.028,100,0.279,0.027,191,0.534,0.034,44,0.123,0.031,64,0.179,0.026,156,0.436,0.031,113,0.316,0.032,25,0.07,0.047,10,0.028,0.023,65,0.182,0.024,220,0.615,0.034,63,0.176,0.036,45,0.126,0.022,154,0.43,0.034,137,0.383,0.033,22,0.061,0.036,11,0.031,0.018,79,0.221,0.026,210,0.587,0.034,58,0.162,0.036,17,0.047,0.03,114,0.318,0.028,194,0.542,0.032,33,0.092,0.043,30,0.084,0.023,127,0.355,0.03,154,0.43,0.032,47,0.131,0.047,17,0.047,0.026,89,0.249,0.025,196,0.547,0.033,56,0.156,0.042,13,0.036,0.025,91,0.254,0.03,203,0.567,0.031,51,0.142,0.036,17,0.047,0.029,108,0.302,0.032,189,0.528,0.03,44,0.123,0.035
NAYARIT,19,0.043,0.024,149,0.333,0.033,240,0.537,0.045,39,0.087,0.049,23,0.051,0.028,128,0.286,0.035,222,0.497,0.04,74,0.166,0.053,84,0.188,0.034,195,0.436,0.039,150,0.336,0.043,18,0.04,0.034,15,0.034,0.034,93,0.208,0.034,272,0.609,0.042,67,0.15,0.038,75,0.168,0.037,175,0.391,0.038,166,0.371,0.039,31,0.069,0.05,15,0.034,0.025,91,0.204,0.03,267,0.597,0.043,74,0.166,0.046,10,0.022,0.018,143,0.32,0.035,265,0.593,0.044,29,0.065,0.038,33,0.074,0.025,134,0.3,0.031,220,0.492,0.045,60,0.134,0.06,18,0.04,0.027,124,0.277,0.035,238,0.532,0.04,67,0.15,0.05,17,0.038,0.032,94,0.21,0.031,271,0.606,0.042,65,0.145,0.046,20,0.045,0.034,105,0.235,0.031,268,0.6,0.043,54,0.121,0.043
NUEVO LEÓN,0,0,0,0,0,0,0,0,0,0,0,0,0,0,0,0,0,0,0,0,0,0,0,0,0,0,0,0,0,0,0,0,0,0,0,0,0,0,0,0,0,0,0,0,0,0,0,0,0,0,0,0,0,0,0,0,0,0,0,0,0,0,0,0,0,0,0,0,0,0,0,0,0,0,0,0,0,0,0,0,0,0,0,0,0,0,0,0,0,0,0,0,0,0,0,0,0,0,0,0,0,0,0,0,0,0,0,0,0,0,0,0,0,0,0,0,0,0,0,0,0,0,0,0,0,0,0,0,0,0,0,0
PUEBLA,33,0.084,0.041,163,0.416,0.036,182,0.464,0.034,14,0.036,0.017,34,0.087,0.042,119,0.304,0.032,196,0.5,0.035,43,0.11,0.031,80,0.204,0.033,162,0.413,0.033,132,0.337,0.038,18,0.046,0.034,24,0.061,0.054,88,0.224,0.032,225,0.574,0.035,55,0.14,0.031,56,0.143,0.027,145,0.37,0.032,161,0.411,0.038,30,0.077,0.049,18,0.046,0.03,87,0.222,0.029,222,0.566,0.036,65,0.166,0.04,18,0.046,0.032,142,0.362,0.034,207,0.528,0.034,25,0.064,0.033,32,0.082,0.025,109,0.278,0.025,196,0.5,0.041,55,0.14,0.055,30,0.077,0.045,115,0.293,0.033,210,0.536,0.036,37,0.094,0.028,14,0.036,0.027,97,0.247,0.032,228,0.582,0.035,53,0.135,0.038,18,0.046,0.03,113,0.288,0.033,219,0.559,0.035,42,0.107,0.034
QUERÉTARO,46,0.089,0.057,209,0.407,0.046,224,0.436,0.042,35,0.068,0.044,43,0.084,0.053,172,0.335,0.047,233,0.453,0.042,66,0.128,0.047,112,0.218,0.046,247,0.481,0.05,134,0.261,0.038,21,0.041,0.039,21,0.041,0.047,115,0.224,0.042,293,0.57,0.045,85,0.165,0.048,97,0.189,0.047,230,0.447,0.05,171,0.333,0.041,16,0.031,0.026,36,0.07,0.06,149,0.29,0.05,281,0.547,0.045,48,0.093,0.03,26,0.051,0.046,209,0.407,0.051,251,0.488,0.042,28,0.054,0.037,71,0.138,0.054,224,0.436,0.052,186,0.362,0.038,33,0.064,0.033,36,0.07,0.054,166,0.323,0.047,258,0.502,0.044,54,0.105,0.04,23,0.045,0.044,135,0.263,0.044,308,0.599,0.048,48,0.093,0.034,25,0.049,0.042,154,0.3,0.045,295,0.574,0.047,40,0.078,0.032
QUINTANA ROO,28,0.06,0.035,174,0.374,0.038,235,0.505,0.044,28,0.06,0.035,26,0.056,0.032,125,0.269,0.034,262,0.563,0.047,52,0.112,0.037,84,0.181,0.034,196,0.422,0.04,159,0.342,0.045,26,0.056,0.049,11,0.024,0.025,89,0.191,0.033,291,0.626,0.045,74,0.159,0.042,84,0.181,0.041,182,0.391,0.04,180,0.387,0.043,19,0.041,0.031,19,0.041,0.032,100,0.215,0.033,275,0.591,0.044,71,0.153,0.044,16,0.034,0.028,139,0.299,0.034,274,0.589,0.046,36,0.077,0.047,38,0.082,0.029,178,0.383,0.041,205,0.441,0.042,44,0.095,0.044,19,0.041,0.029,133,0.286,0.038,244,0.525,0.041,69,0.148,0.051,19,0.041,0.036,107,0.23,0.035,265,0.57,0.041,74,0.159,0.053,21,0.045,0.036,123,0.265,0.036,256,0.551,0.041,65,0.14,0.052
SAN LUIS POTOSÍ,13,0.034,0.016,157,0.411,0.035,189,0.495,0.036,23,0.06,0.029,27,0.071,0.033,129,0.338,0.035,172,0.45,0.031,54,0.141,0.038,61,0.16,0.025,158,0.414,0.032,137,0.359,0.039,26,0.068,0.049,9,0.024,0.02,93,0.243,0.034,213,0.558,0.033,67,0.175,0.038,60,0.157,0.029,148,0.387,0.032,151,0.395,0.036,23,0.06,0.037,11,0.029,0.018,101,0.264,0.034,214,0.56,0.034,56,0.147,0.035,11,0.029,0.02,147,0.385,0.036,196,0.513,0.033,28,0.073,0.037,30,0.079,0.023,148,0.387,0.034,166,0.435,0.034,38,0.099,0.038,13,0.034,0.02,117,0.306,0.033,206,0.539,0.035,46,0.12,0.034,11,0.029,0.021,107,0.28,0.035,215,0.563,0.033,49,0.128,0.035,14,0.037,0.024,105,0.275,0.031,217,0.568,0.035,46,0.12,0.037
SINALOA,33,0.059,0.041,172,0.307,0.038,286,0.51,0.054,70,0.125,0.087,21,0.037,0.026,126,0.225,0.034,313,0.558,0.056,101,0.18,0.072,88,0.157,0.036,222,0.396,0.045,208,0.371,0.059,43,0.077,0.081,11,0.02,0.025,96,0.171,0.035,320,0.57,0.049,134,0.239,0.076,85,0.152,0.042,201,0.358,0.044,230,0.41,0.055,45,0.08,0.073,15,0.027,0.025,108,0.193,0.036,316,0.563,0.051,122,0.217,0.075,17,0.03,0.03,151,0.269,0.037,329,0.586,0.055,64,0.114,0.084,45,0.08,0.034,196,0.349,0.046,243,0.433,0.05,77,0.137,0.077,20,0.036,0.03,123,0.219,0.035,310,0.553,0.052,108,0.193,0.081,24,0.043,0.046,114,0.203,0.037,329,0.586,0.051,94,0.168,0.067,28,0.05,0.047,124,0.221,0.037,322,0.574,0.052,87,0.155,0.069
SONORA,15,0.046,0.019,113,0.347,0.025,162,0.497,0.03,36,0.11,0.045,17,0.052,0.021,83,0.255,0.023,169,0.518,0.03,57,0.175,0.04,57,0.175,0.023,136,0.417,0.027,109,0.334,0.031,24,0.074,0.045,8,0.025,0.018,69,0.212,0.025,191,0.586,0.029,58,0.178,0.033,54,0.166,0.026,132,0.405,0.029,119,0.365,0.028,21,0.064,0.034,14,0.043,0.023,86,0.264,0.029,176,0.54,0.028,50,0.153,0.031,17,0.052,0.03,117,0.359,0.028,164,0.503,0.027,28,0.086,0.037,34,0.104,0.026,124,0.38,0.029,139,0.426,0.029,29,0.089,0.029,15,0.046,0.023,85,0.261,0.024,181,0.555,0.031,45,0.138,0.034,14,0.043,0.027,74,0.227,0.024,200,0.613,0.031,38,0.117,0.027,17,0.052,0.029,85,0.261,0.025,183,0.561,0.029,41,0.126,0.033
TABASCO,25,0.064,0.031,157,0.399,0.035,182,0.463,0.034,29,0.074,0.036,24,0.061,0.03,95,0.242,0.026,224,0.57,0.04,50,0.127,0.035,49,0.125,0.02,140,0.356,0.028,174,0.443,0.049,30,0.076,0.056,14,0.036,0.032,75,0.191,0.027,238,0.606,0.037,66,0.168,0.037,61,0.155,0.03,144,0.366,0.032,161,0.41,0.038,27,0.069,0.044,8,0.02,0.013,87,0.221,0.029,235,0.598,0.038,63,0.16,0.039,21,0.053,0.037,104,0.265,0.025,229,0.583,0.038,39,0.099,0.051,30,0.076,0.023,126,0.321,0.029,190,0.483,0.039,47,0.12,0.047,13,0.033,0.02,113,0.288,0.032,218,0.555,0.037,49,0.125,0.037,17,0.043,0.032,87,0.221,0.029,237,0.603,0.037,52,0.132,0.037,13,0.033,0.022,92,0.234,0.027,232,0.59,0.037,56,0.142,0.045
TAMAULIPAS,28,0.065,0.035,149,0.345,0.033,224,0.519,0.042,31,0.072,0.039,19,0.044,0.024,131,0.303,0.036,224,0.519,0.04,58,0.134,0.041,73,0.169,0.03,186,0.431,0.038,146,0.338,0.042,27,0.063,0.051,12,0.028,0.027,91,0.211,0.033,260,0.602,0.04,69,0.16,0.039,67,0.155,0.033,164,0.38,0.036,181,0.419,0.043,20,0.046,0.033,17,0.039,0.029,108,0.25,0.036,237,0.549,0.038,70,0.162,0.043,14,0.032,0.025,142,0.329,0.034,245,0.567,0.041,31,0.072,0.041,42,0.097,0.032,180,0.417,0.042,187,0.433,0.039,23,0.053,0.023,14,0.032,0.021,121,0.28,0.034,256,0.593,0.043,41,0.095,0.031,13,0.03,0.025,120,0.278,0.039,238,0.551,0.037,61,0.141,0.043,15,0.035,0.025,128,0.296,0.038,236,0.546,0.038,53,0.123,0.042
TLAXCALA,20,0.061,0.025,136,0.412,0.03,155,0.47,0.029,19,0.058,0.024,25,0.076,0.031,114,0.345,0.031,160,0.485,0.029,31,0.094,0.022,89,0.27,0.036,131,0.397,0.026,97,0.294,0.028,13,0.039,0.024,10,0.03,0.023,90,0.273,0.033,176,0.533,0.027,54,0.164,0.031,44,0.133,0.022,141,0.427,0.031,131,0.397,0.031,14,0.042,0.023,11,0.033,0.018,84,0.255,0.028,188,0.57,0.03,47,0.142,0.029,18,0.055,0.032,116,0.352,0.028,180,0.545,0.03,16,0.048,0.021,36,0.109,0.028,129,0.391,0.03,146,0.442,0.03,19,0.058,0.019,13,0.039,0.02,105,0.318,0.03,180,0.545,0.03,32,0.097,0.024,11,0.033,0.021,87,0.264,0.029,191,0.579,0.03,41,0.124,0.029,14,0.042,0.024,97,0.294,0.029,183,0.555,0.029,36,0.109,0.029
VERACRUZ,9,0.071,0.011,50,0.397,0.011,57,0.452,0.011,10,0.079,0.012,8,0.063,0.01,44,0.349,0.012,60,0.476,0.011,14,0.111,0.01,27,0.214,0.011,55,0.437,0.011,41,0.325,0.012,3,0.024,0.006,5,0.04,0.011,37,0.294,0.014,69,0.548,0.011,15,0.119,0.008,18,0.143,0.009,67,0.532,0.015,38,0.302,0.009,3,0.024,0.005,9,0.071,0.015,36,0.286,0.012,69,0.548,0.011,12,0.095,0.007,7,0.056,0.012,48,0.381,0.012,67,0.532,0.011,4,0.032,0.005,15,0.119,0.011,46,0.365,0.011,50,0.397,0.01,15,0.119,0.015,8,0.063,0.012,45,0.357,0.013,58,0.46,0.01,15,0.119,0.011,3,0.024,0.006,35,0.278,0.011,72,0.571,0.011,16,0.127,0.011,3,0.024,0.005,40,0.317,0.012,67,0.532,0.011,16,0.127,0.013
YUCATÁN,22,0.084,0.027,110,0.421,0.024,113,0.433,0.021,16,0.061,0.02,28,0.107,0.035,84,0.322,0.023,122,0.467,0.022,27,0.103,0.019,63,0.241,0.026,103,0.395,0.021,81,0.31,0.023,14,0.054,0.026,12,0.046,0.027,61,0.234,0.022,139,0.533,0.021,49,0.188,0.028,70,0.268,0.034,97,0.372,0.021,81,0.31,0.019,13,0.05,0.021,18,0.069,0.03,70,0.268,0.023,139,0.533,0.022,34,0.13,0.021,14,0.054,0.025,92,0.352,0.022,138,0.529,0.023,17,0.065,0.022,42,0.161,0.032,92,0.352,0.021,105,0.402,0.022,22,0.084,0.022,16,0.061,0.024,83,0.318,0.023,132,0.506,0.022,30,0.115,0.022,16,0.061,0.03,65,0.249,0.021,141,0.54,0.022,39,0.149,0.028,15,0.057,0.025,79,0.303,0.023,133,0.51,0.021,34,0.13,0.027
ZACATECAS,59,0.08,0.074,304,0.411,0.067,339,0.458,0.064,38,0.051,0.047,67,0.091,0.083,248,0.335,0.068,361,0.488,0.065,64,0.086,0.045,182,0.246,0.075,313,0.423,0.063,217,0.293,0.062,28,0.038,0.052,34,0.046,0.077,205,0.277,0.075,429,0.58,0.066,72,0.097,0.041,171,0.231,0.084,310,0.419,0.068,233,0.315,0.055,26,0.035,0.042,38,0.051,0.064,225,0.304,0.075,392,0.53,0.063,85,0.115,0.052,42,0.057,0.075,286,0.386,0.069,378,0.511,0.063,34,0.046,0.045,86,0.116,0.066,293,0.396,0.068,312,0.422,0.064,49,0.066,0.049,59,0.08,0.089,244,0.33,0.069,379,0.512,0.064,58,0.078,0.043,53,0.072,0.101,243,0.328,0.08,397,0.536,0.061,47,0.064,0.033,64,0.086,0.108,248,0.335,0.073,385,0.52,0.062,43,0.058,0.034
Hombre,240,0.07,0.299,1403,0.408,0.31,1582,0.46,0.298,216,0.063,0.27,230,0.067,0.285,1132,0.329,0.308,1672,0.486,0.301,407,0.118,0.289,738,0.214,0.303,1476,0.429,0.298,1051,0.305,0.299,176,0.051,0.33,173,0.05,0.39,915,0.266,0.335,1871,0.544,0.288,482,0.14,0.272,643,0.187,0.314,1390,0.404,0.304,1212,0.352,0.288,196,0.057,0.319,200,0.058,0.336,979,0.285,0.325,1832,0.532,0.295,430,0.125,0.265,174,0.051,0.31,1233,0.358,0.299,1813,0.527,0.302,221,0.064,0.289,381,0.111,0.292,1274,0.37,0.296,1450,0.421,0.3,336,0.098,0.335,210,0.061,0.317,1119,0.325,0.317,1736,0.505,0.294,376,0.109,0.281,164,0.048,0.312,982,0.285,0.322,1886,0.548,0.292,409,0.119,0.291,189,0.055,0.32,1024,0.298,0.302,1852,0.538,0.298,376,0.109,0.3
Mujer,562,0.07,0.701,3127,0.391,0.69,3730,0.466,0.702,585,0.073,0.73,578,0.072,0.715,2538,0.317,0.692,3886,0.486,0.699,1002,0.125,0.711,1701,0.213,0.697,3479,0.435,0.702,2466,0.308,0.701,358,0.045,0.67,271,0.034,0.61,1820,0.227,0.665,4625,0.578,0.712,1288,0.161,0.728,1402,0.175,0.686,3180,0.397,0.696,3003,0.375,0.712,419,0.052,0.681,396,0.049,0.664,2031,0.254,0.675,4384,0.548,0.705,1192,0.149,0.735,388,0.048,0.69,2884,0.36,0.701,4189,0.523,0.698,543,0.068,0.711,924,0.115,0.708,3025,0.378,0.704,3389,0.423,0.7,666,0.083,0.665,453,0.057,0.683,2414,0.302,0.683,4173,0.521,0.706,964,0.12,0.719,361,0.045,0.688,2066,0.258,0.678,4579,0.572,0.708,998,0.125,0.709,402,0.05,0.68,2362,0.295,0.698,4364,0.545,0.702,876,0.109,0.7
18 a 20 años,8,0.098,0.01,35,0.427,0.008,34,0.415,0.006,5,0.061,0.006,7,0.085,0.009,32,0.39,0.009,30,0.366,0.005,13,0.159,0.009,17,0.207,0.007,39,0.476,0.008,18,0.22,0.005,8,0.098,0.015,7,0.085,0.016,28,0.341,0.01,36,0.439,0.006,11,0.134,0.006,16,0.195,0.008,34,0.415,0.007,27,0.329,0.006,5,0.061,0.008,7,0.085,0.012,26,0.317,0.009,37,0.451,0.006,12,0.146,0.007,6,0.073,0.011,30,0.366,0.007,38,0.463,0.006,8,0.098,0.01,11,0.134,0.008,35,0.427,0.008,28,0.341,0.006,8,0.098,0.008,11,0.134,0.017,27,0.329,0.008,31,0.378,0.005,13,0.159,0.01,4,0.049,0.008,26,0.317,0.009,45,0.549,0.007,7,0.085,0.005,4,0.049,0.007,31,0.378,0.009,42,0.512,0.007,5,0.061,0.004
21 a 30 años,177,0.074,0.221,905,0.378,0.2,1120,0.468,0.211,190,0.079,0.237,196,0.082,0.243,735,0.307,0.2,1144,0.478,0.206,317,0.133,0.225,558,0.233,0.229,1065,0.445,0.215,677,0.283,0.192,92,0.038,0.172,101,0.042,0.227,573,0.24,0.21,1337,0.559,0.206,381,0.159,0.215,448,0.187,0.219,954,0.399,0.209,835,0.349,0.198,155,0.065,0.252,148,0.062,0.248,608,0.254,0.202,1255,0.525,0.202,380,0.159,0.234,148,0.062,0.263,827,0.346,0.201,1228,0.513,0.205,189,0.079,0.247,284,0.119,0.218,941,0.393,0.219,987,0.413,0.204,180,0.075,0.18,146,0.061,0.22,720,0.301,0.204,1251,0.523,0.212,275,0.115,0.205,139,0.058,0.265,638,0.267,0.209,1281,0.536,0.198,334,0.14,0.237,160,0.067,0.271,722,0.302,0.213,1242,0.519,0.2,268,0.112,0.214
31 a 40 años,265,0.066,0.33,1620,0.401,0.358,1899,0.47,0.357,260,0.064,0.325,309,0.076,0.382,1322,0.327,0.36,1968,0.487,0.354,445,0.11,0.316,899,0.222,0.369,1772,0.438,0.358,1213,0.3,0.345,160,0.04,0.3,152,0.038,0.342,977,0.242,0.357,2335,0.577,0.359,580,0.143,0.328,772,0.191,0.378,1618,0.4,0.354,1474,0.364,0.35,180,0.045,0.293,206,0.051,0.346,1089,0.269,0.362,2225,0.55,0.358,524,0.13,0.323,191,0.047,0.34,1477,0.365,0.359,2137,0.528,0.356,239,0.059,0.313,500,0.124,0.383,1582,0.391,0.368,1674,0.414,0.346,288,0.071,0.287,200,0.049,0.302,1326,0.328,0.375,2089,0.517,0.354,429,0.106,0.32,180,0.045,0.343,1081,0.267,0.355,2320,0.574,0.359,463,0.114,0.329,216,0.053,0.365,1223,0.302,0.361,2196,0.543,0.353,409,0.101,0.327
41 a 50 años,239,0.075,0.298,1289,0.404,0.285,1451,0.454,0.273,215,0.067,0.268,210,0.066,0.26,1043,0.327,0.284,1569,0.491,0.282,372,0.116,0.264,620,0.194,0.254,1403,0.439,0.283,1005,0.315,0.286,166,0.052,0.311,109,0.034,0.245,762,0.239,0.279,1795,0.562,0.276,528,0.165,0.298,545,0.171,0.267,1303,0.408,0.285,1179,0.369,0.28,167,0.052,0.272,157,0.049,0.263,860,0.269,0.286,1747,0.547,0.281,430,0.135,0.265,134,0.042,0.238,1194,0.374,0.29,1668,0.522,0.278,198,0.062,0.259,338,0.106,0.259,1152,0.361,0.268,1394,0.436,0.288,310,0.097,0.309,201,0.063,0.303,974,0.305,0.276,1637,0.513,0.277,382,0.12,0.285,136,0.043,0.259,863,0.27,0.283,1832,0.574,0.283,363,0.114,0.258,143,0.045,0.242,942,0.295,0.278,1768,0.554,0.284,341,0.107,0.272
51 a 60 años,98,0.064,0.122,603,0.394,0.133,718,0.469,0.135,113,0.074,0.141,77,0.05,0.095,474,0.309,0.129,755,0.493,0.136,226,0.148,0.16,301,0.196,0.123,610,0.398,0.123,533,0.348,0.152,88,0.057,0.165,65,0.042,0.146,355,0.232,0.13,877,0.572,0.135,235,0.153,0.133,238,0.155,0.116,591,0.386,0.129,613,0.4,0.145,90,0.059,0.146,68,0.044,0.114,384,0.251,0.128,847,0.553,0.136,233,0.152,0.144,70,0.046,0.125,534,0.349,0.13,821,0.536,0.137,107,0.07,0.14,154,0.101,0.118,523,0.341,0.122,674,0.44,0.139,181,0.118,0.181,94,0.061,0.142,435,0.284,0.123,804,0.525,0.136,199,0.13,0.149,61,0.04,0.116,388,0.253,0.127,880,0.574,0.136,203,0.133,0.144,59,0.039,0.1,418,0.273,0.123,861,0.562,0.139,194,0.127,0.155
61 a 70 años,14,0.074,0.017,73,0.388,0.016,84,0.447,0.016,17,0.09,0.021,9,0.048,0.011,57,0.303,0.016,87,0.463,0.016,35,0.186,0.025,41,0.218,0.017,62,0.33,0.013,66,0.351,0.019,19,0.101,0.036,9,0.048,0.02,38,0.202,0.014,108,0.574,0.017,33,0.176,0.019,23,0.122,0.011,66,0.351,0.014,82,0.436,0.019,17,0.09,0.028,9,0.048,0.015,40,0.213,0.013,97,0.516,0.016,42,0.223,0.026,10,0.053,0.018,53,0.282,0.013,102,0.543,0.017,23,0.122,0.03,16,0.085,0.012,61,0.324,0.014,77,0.41,0.016,34,0.181,0.034,10,0.053,0.015,48,0.255,0.014,91,0.484,0.015,39,0.207,0.029,4,0.021,0.008,48,0.255,0.016,101,0.537,0.016,35,0.186,0.025,7,0.037,0.012,47,0.25,0.014,101,0.537,0.016,33,0.176,0.026
71 a 80 años,1,0.077,0.001,5,0.385,0.001,6,0.462,0.001,1,0.077,0.001,0,0,0,7,0.538,0.002,5,0.385,0.001,1,0.077,0.001,3,0.231,0.001,4,0.308,0.001,5,0.385,0.001,1,0.077,0.002,1,0.077,0.002,2,0.154,0.001,8,0.615,0.001,2,0.154,0.001,3,0.231,0.001,4,0.308,0.001,5,0.385,0.001,1,0.077,0.002,1,0.077,0.002,3,0.231,0.001,8,0.615,0.001,1,0.077,0.001,3,0.231,0.005,2,0.154,0,8,0.615,0.001,0,0,0,2,0.154,0.002,5,0.385,0.001,5,0.385,0.001,1,0.077,0.001,1,0.077,0.002,3,0.231,0.001,6,0.462,0.001,3,0.231,0.002,1,0.077,0.002,4,0.308,0.001,6,0.462,0.001,2,0.154,0.001,2,0.154,0.003,3,0.231,0.001,6,0.462,0.001,2,0.154,0.002
81 a 90 años,0,0,0,0,0,0,0,0,0,0,0,0,0,0,0,0,0,0,0,0,0,0,0,0,0,0,0,0,0,0,0,0,0,0,0,0,0,0,0,0,0,0,0,0,0,0,0,0,0,0,0,0,0,0,0,0,0,0,0,0,0,0,0,0,0,0,0,0,0,0,0,0,0,0,0,0,0,0,0,0,0,0,0,0,0,0,0,0,0,0,0,0,0,0,0,0,0,0,0,0,0,0,0,0,0,0,0,0,0,0,0,0,0,0,0,0,0,0,0,0,0,0,0,0,0,0,0,0,0,0,0,0
91 a 99 años,0,0,0,0,0,0,0,0,0,0,0,0,0,0,0,0,0,0,0,0,0,0,0,0,0,0,0,0,0,0,0,0,0,0,0,0,0,0,0,0,0,0,0,0,0,0,0,0,0,0,0,0,0,0,0,0,0,0,0,0,0,0,0,0,0,0,0,0,0,0,0,0,0,0,0,0,0,0,0,0,0,0,0,0,0,0,0,0,0,0,0,0,0,0,0,0,0,0,0,0,0,0,0,0,0,0,0,0,0,0,0,0,0,0,0,0,0,0,0,0,0,0,0,0,0,0,0,0,0,0,0,0
"Preparatoria, bachillerato o carrera técnica",5,0.139,0.006,11,0.306,0.002,18,0.5,0.003,2,0.056,0.002,3,0.083,0.004,9,0.25,0.002,20,0.556,0.004,4,0.111,0.003,7,0.194,0.003,16,0.444,0.003,10,0.278,0.003,3,0.083,0.006,1,0.028,0.002,9,0.25,0.003,22,0.611,0.003,4,0.111,0.002,6,0.167,0.003,12,0.333,0.003,17,0.472,0.004,1,0.028,0.002,1,0.028,0.002,9,0.25,0.003,23,0.639,0.004,3,0.083,0.002,1,0.028,0.002,14,0.389,0.003,20,0.556,0.003,1,0.028,0.001,3,0.083,0.002,7,0.194,0.002,21,0.583,0.004,5,0.139,0.005,3,0.083,0.005,10,0.278,0.003,20,0.556,0.003,3,0.083,0.002,3,0.083,0.006,6,0.167,0.002,25,0.694,0.004,2,0.056,0.001,2,0.056,0.003,8,0.222,0.002,24,0.667,0.004,2,0.056,0.002
Normal básica sin licenciatura,41,0.089,0.051,169,0.368,0.037,211,0.46,0.04,38,0.083,0.047,30,0.065,0.037,124,0.27,0.034,221,0.481,0.04,84,0.183,0.06,85,0.185,0.035,170,0.37,0.034,178,0.388,0.051,26,0.057,0.049,19,0.041,0.043,110,0.24,0.04,262,0.571,0.04,68,0.148,0.038,59,0.129,0.029,179,0.39,0.039,197,0.429,0.047,24,0.052,0.039,22,0.048,0.037,115,0.251,0.038,241,0.525,0.039,81,0.176,0.05,26,0.057,0.046,157,0.342,0.038,240,0.523,0.04,36,0.078,0.047,49,0.107,0.038,164,0.357,0.038,196,0.427,0.041,50,0.109,0.05,32,0.07,0.048,130,0.283,0.037,236,0.514,0.04,61,0.133,0.046,20,0.044,0.038,120,0.261,0.039,265,0.577,0.041,54,0.118,0.038,20,0.044,0.034,127,0.277,0.038,254,0.553,0.041,58,0.126,0.046
Normal superior,13,0.055,0.016,94,0.398,0.021,111,0.47,0.021,18,0.076,0.022,7,0.03,0.009,74,0.314,0.02,126,0.534,0.023,29,0.123,0.021,47,0.199,0.019,95,0.403,0.019,77,0.326,0.022,17,0.072,0.032,8,0.034,0.018,47,0.199,0.017,144,0.61,0.022,37,0.157,0.021,38,0.161,0.019,85,0.36,0.019,94,0.398,0.022,19,0.081,0.031,9,0.038,0.015,66,0.28,0.022,121,0.513,0.019,40,0.169,0.025,9,0.038,0.016,78,0.331,0.019,134,0.568,0.022,15,0.064,0.02,20,0.085,0.015,95,0.403,0.022,94,0.398,0.019,27,0.114,0.027,16,0.068,0.024,61,0.258,0.017,133,0.564,0.023,26,0.11,0.019,10,0.042,0.019,55,0.233,0.018,139,0.589,0.022,32,0.136,0.023,11,0.047,0.019,67,0.284,0.02,129,0.547,0.021,29,0.123,0.023
Normal Intercultural Bilingüe,3,0.028,0.004,48,0.453,0.011,49,0.462,0.009,6,0.057,0.007,7,0.066,0.009,30,0.283,0.008,56,0.528,0.01,13,0.123,0.009,24,0.226,0.01,47,0.443,0.009,31,0.292,0.009,4,0.038,0.007,5,0.047,0.011,25,0.236,0.009,60,0.566,0.009,16,0.151,0.009,17,0.16,0.008,43,0.406,0.009,38,0.358,0.009,8,0.075,0.013,8,0.075,0.013,25,0.236,0.008,56,0.528,0.009,17,0.16,0.01,4,0.038,0.007,30,0.283,0.007,66,0.623,0.011,6,0.057,0.008,10,0.094,0.008,38,0.358,0.009,48,0.453,0.01,10,0.094,0.01,3,0.028,0.005,28,0.264,0.008,62,0.585,0.01,13,0.123,0.01,3,0.028,0.006,27,0.255,0.009,60,0.566,0.009,16,0.151,0.011,5,0.047,0.008,34,0.321,0.01,55,0.519,0.009,12,0.113,0.01
Licenciatura,589,0.069,0.734,3414,0.397,0.754,4017,0.468,0.756,569,0.066,0.71,567,0.066,0.702,2752,0.32,0.75,4236,0.493,0.762,1034,0.12,0.734,1786,0.208,0.732,3802,0.443,0.767,2605,0.303,0.741,396,0.046,0.742,319,0.037,0.718,2061,0.24,0.754,4892,0.57,0.753,1317,0.153,0.744,1504,0.175,0.735,3441,0.401,0.753,3190,0.371,0.757,454,0.053,0.738,431,0.05,0.723,2256,0.263,0.75,4704,0.548,0.757,1197,0.139,0.738,389,0.045,0.692,3112,0.362,0.756,4522,0.526,0.753,566,0.066,0.741,940,0.109,0.72,3225,0.375,0.75,3657,0.426,0.756,767,0.089,0.765,484,0.056,0.73,2681,0.312,0.759,4411,0.514,0.746,1013,0.118,0.756,391,0.046,0.745,2338,0.272,0.767,4831,0.562,0.747,1029,0.12,0.731,436,0.051,0.738,2577,0.3,0.761,4669,0.544,0.751,907,0.106,0.724
Especialidad,6,0.08,0.007,28,0.373,0.006,34,0.453,0.006,7,0.093,0.009,13,0.173,0.016,19,0.253,0.005,35,0.467,0.006,8,0.107,0.006,22,0.293,0.009,32,0.427,0.006,21,0.28,0.006,0,0,0,5,0.067,0.011,19,0.253,0.007,43,0.573,0.007,8,0.107,0.005,13,0.173,0.006,32,0.427,0.007,27,0.36,0.006,3,0.04,0.005,3,0.04,0.005,15,0.2,0.005,45,0.6,0.007,12,0.16,0.007,2,0.027,0.004,24,0.32,0.006,47,0.627,0.008,2,0.027,0.003,10,0.133,0.008,30,0.4,0.007,32,0.427,0.007,3,0.04,0.003,5,0.067,0.008,19,0.253,0.005,47,0.627,0.008,4,0.053,0.003,5,0.067,0.01,16,0.213,0.005,47,0.627,0.007,7,0.093,0.005,5,0.067,0.008,24,0.32,0.007,41,0.547,0.007,5,0.067,0.004
Maestría,130,0.073,0.162,714,0.401,0.158,798,0.448,0.15,140,0.079,0.175,164,0.092,0.203,620,0.348,0.169,783,0.439,0.141,215,0.121,0.153,441,0.247,0.181,731,0.41,0.148,529,0.297,0.15,81,0.045,0.152,78,0.044,0.176,435,0.244,0.159,981,0.551,0.151,288,0.162,0.163,369,0.207,0.18,719,0.403,0.157,599,0.336,0.142,95,0.053,0.154,112,0.063,0.188,482,0.27,0.16,944,0.53,0.152,244,0.137,0.15,119,0.067,0.212,655,0.368,0.159,883,0.496,0.147,125,0.07,0.164,248,0.139,0.19,683,0.383,0.159,726,0.407,0.15,125,0.07,0.125,109,0.061,0.164,563,0.316,0.159,919,0.516,0.156,191,0.107,0.143,83,0.047,0.158,452,0.254,0.148,1013,0.568,0.157,234,0.131,0.166,99,0.056,0.168,509,0.286,0.15,966,0.542,0.155,208,0.117,0.166
Doctorado,15,0.097,0.019,50,0.323,0.011,72,0.465,0.014,18,0.116,0.022,16,0.103,0.02,41,0.265,0.011,79,0.51,0.014,19,0.123,0.013,26,0.168,0.011,58,0.374,0.012,64,0.413,0.018,7,0.045,0.013,9,0.058,0.02,28,0.181,0.01,89,0.574,0.014,29,0.187,0.016,37,0.239,0.018,58,0.374,0.013,50,0.323,0.012,10,0.065,0.016,9,0.058,0.015,42,0.271,0.014,79,0.51,0.013,25,0.161,0.015,10,0.065,0.018,46,0.297,0.011,88,0.568,0.015,11,0.071,0.014,24,0.155,0.018,53,0.342,0.012,64,0.413,0.013,14,0.09,0.014,11,0.071,0.017,38,0.245,0.011,79,0.51,0.013,27,0.174,0.02,9,0.058,0.017,32,0.206,0.01,83,0.535,0.013,31,0.2,0.022,13,0.084,0.022,37,0.239,0.011,76,0.49,0.012,29,0.187,0.023
Posdoctorado,0,0,0,2,0.286,0,2,0.286,0,3,0.429,0.004,1,0.143,0.001,1,0.143,0,2,0.286,0,3,0.429,0.002,1,0.143,0,4,0.571,0.001,2,0.286,0.001,0,0,0,0,0,0,1,0.143,0,3,0.429,0,3,0.429,0.002,2,0.286,0.001,1,0.143,0,3,0.429,0.001,1,0.143,0.002,1,0.143,0.002,0,0,0,3,0.429,0,3,0.429,0.002,2,0.286,0.004,1,0.143,0,2,0.286,0,2,0.286,0.003,1,0.143,0.001,4,0.571,0.001,1,0.143,0,1,0.143,0.001,0,0,0,3,0.429,0.001,2,0.286,0,2,0.286,0.001,1,0.143,0.002,2,0.286,0.001,2,0.286,0,2,0.286,0.001,0,0,0,3,0.429,0.001,2,0.286,0,2,0.286,0.002
Menor o igual a 10,297,0.07,0.37,1669,0.394,0.368,1968,0.465,0.37,298,0.07,0.372,340,0.08,0.421,1321,0.312,0.36,2046,0.483,0.368,525,0.124,0.373,989,0.234,0.405,1870,0.442,0.377,1210,0.286,0.344,163,0.039,0.305,177,0.042,0.399,1017,0.24,0.372,2397,0.566,0.369,641,0.151,0.362,795,0.188,0.389,1697,0.401,0.371,1497,0.354,0.355,243,0.057,0.395,250,0.059,0.419,1082,0.256,0.359,2284,0.54,0.367,615,0.145,0.379,243,0.057,0.432,1503,0.355,0.365,2172,0.513,0.362,314,0.074,0.411,526,0.124,0.403,1629,0.385,0.379,1748,0.413,0.361,329,0.078,0.328,242,0.057,0.365,1300,0.307,0.368,2194,0.518,0.371,496,0.117,0.37,221,0.052,0.421,1124,0.266,0.369,2332,0.551,0.361,555,0.131,0.394,257,0.061,0.435,1272,0.301,0.376,2244,0.53,0.361,459,0.108,0.367
11 a 20,258,0.067,0.322,1542,0.399,0.34,1805,0.467,0.34,259,0.067,0.323,262,0.068,0.324,1318,0.341,0.359,1835,0.475,0.33,449,0.116,0.319,812,0.21,0.333,1733,0.448,0.35,1135,0.294,0.323,184,0.048,0.345,134,0.035,0.302,937,0.242,0.343,2207,0.571,0.34,586,0.152,0.331,696,0.18,0.34,1567,0.406,0.343,1416,0.366,0.336,185,0.048,0.301,189,0.049,0.317,1074,0.278,0.357,2086,0.54,0.336,515,0.133,0.318,168,0.043,0.299,1422,0.368,0.345,2045,0.529,0.341,229,0.059,0.3,454,0.117,0.348,1516,0.392,0.353,1582,0.409,0.327,312,0.081,0.311,213,0.055,0.321,1256,0.325,0.356,1966,0.509,0.333,429,0.111,0.32,162,0.042,0.309,1051,0.272,0.345,2205,0.571,0.341,446,0.115,0.317,187,0.048,0.316,1184,0.306,0.35,2089,0.541,0.336,404,0.105,0.323
21 a 30,247,0.074,0.308,1319,0.394,0.291,1539,0.46,0.29,244,0.073,0.305,206,0.062,0.255,1031,0.308,0.281,1677,0.501,0.302,435,0.13,0.309,638,0.191,0.262,1352,0.404,0.273,1172,0.35,0.333,187,0.056,0.35,133,0.04,0.3,781,0.233,0.286,1892,0.565,0.291,543,0.162,0.307,554,0.165,0.271,1306,0.39,0.286,1302,0.389,0.309,187,0.056,0.304,157,0.047,0.263,854,0.255,0.284,1846,0.551,0.297,492,0.147,0.303,151,0.045,0.269,1192,0.356,0.29,1785,0.533,0.297,221,0.066,0.289,325,0.097,0.249,1154,0.345,0.268,1509,0.451,0.312,361,0.108,0.36,208,0.062,0.314,977,0.292,0.277,1749,0.522,0.296,415,0.124,0.31,142,0.042,0.27,873,0.261,0.286,1928,0.576,0.298,406,0.121,0.289,147,0.044,0.249,930,0.278,0.275,1883,0.562,0.303,389,0.116,0.311
31 a 40,0,0,0,0,0,0,0,0,0,0,0,0,0,0,0,0,0,0,0,0,0,0,0,0,0,0,0,0,0,0,0,0,0,0,0,0,0,0,0,0,0,0,0,0,0,0,0,0,0,0,0,0,0,0,0,0,0,0,0,0,0,0,0,0,0,0,0,0,0,0,0,0,0,0,0,0,0,0,0,0,0,0,0,0,0,0,0,0,0,0,0,0,0,0,0,0,0,0,0,0,0,0,0,0,0,0,0,0,0,0,0,0,0,0,0,0,0,0,0,0,0,0,0,0,0,0,0,0,0,0,0,0
41 a 50,0,0,0,0,0,0,0,0,0,0,0,0,0,0,0,0,0,0,0,0,0,0,0,0,0,0,0,0,0,0,0,0,0,0,0,0,0,0,0,0,0,0,0,0,0,0,0,0,0,0,0,0,0,0,0,0,0,0,0,0,0,0,0,0,0,0,0,0,0,0,0,0,0,0,0,0,0,0,0,0,0,0,0,0,0,0,0,0,0,0,0,0,0,0,0,0,0,0,0,0,0,0,0,0,0,0,0,0,0,0,0,0,0,0,0,0,0,0,0,0,0,0,0,0,0,0,0,0,0,0,0,0
Mayor o igual a 51,0,0,0,0,0,0,0,0,0,0,0,0,0,0,0,0,0,0,0,0,0,0,0,0,0,0,0,0,0,0,0,0,0,0,0,0,0,0,0,0,0,0,0,0,0,0,0,0,0,0,0,0,0,0,0,0,0,0,0,0,0,0,0,0,0,0,0,0,0,0,0,0,0,0,0,0,0,0,0,0,0,0,0,0,0,0,0,0,0,0,0,0,0,0,0,0,0,0,0,0,0,0,0,0,0,0,0,0,0,0,0,0,0,0,0,0,0,0,0,0,0,0,0,0,0,0,0,0,0,0,0,0
Definitivo o base,748,0.07,0.933,4289,0.401,0.947,4921,0.46,0.926,732,0.068,0.914,749,0.07,0.927,3463,0.324,0.944,5181,0.485,0.932,1297,0.121,0.921,2278,0.213,0.934,4633,0.433,0.935,3281,0.307,0.933,498,0.047,0.933,410,0.038,0.923,2579,0.241,0.943,6052,0.566,0.932,1649,0.154,0.932,1941,0.182,0.949,4298,0.402,0.94,3893,0.364,0.924,558,0.052,0.907,551,0.052,0.924,2853,0.267,0.948,5810,0.543,0.935,1476,0.138,0.91,520,0.049,0.925,3874,0.362,0.941,5604,0.524,0.934,692,0.065,0.906,1224,0.114,0.938,4060,0.38,0.944,4490,0.42,0.928,916,0.086,0.914,625,0.058,0.943,3335,0.312,0.944,5503,0.515,0.931,1227,0.115,0.916,485,0.045,0.924,2876,0.269,0.944,6036,0.565,0.934,1293,0.121,0.919,552,0.052,0.934,3188,0.298,0.942,5804,0.543,0.934,1146,0.107,0.915
Interino,28,0.075,0.035,125,0.333,0.028,184,0.491,0.035,38,0.101,0.047,34,0.091,0.042,105,0.28,0.029,182,0.485,0.033,54,0.144,0.038,79,0.211,0.032,159,0.424,0.032,115,0.307,0.033,22,0.059,0.041,17,0.045,0.038,78,0.208,0.029,225,0.6,0.035,55,0.147,0.031,54,0.144,0.026,136,0.363,0.03,152,0.405,0.036,33,0.088,0.054,28,0.075,0.047,78,0.209,0.026,187,0.5,0.03,81,0.217,0.05,23,0.061,0.041,120,0.32,0.029,194,0.517,0.032,38,0.101,0.05,47,0.125,0.036,108,0.288,0.025,172,0.459,0.036,48,0.128,0.048,19,0.051,0.029,89,0.237,0.025,204,0.544,0.035,63,0.168,0.047,19,0.051,0.036,96,0.256,0.031,205,0.547,0.032,55,0.147,0.039,23,0.061,0.039,102,0.272,0.03,199,0.531,0.032,51,0.136,0.041
Tiempo fijo,19,0.073,0.024,74,0.285,0.016,146,0.562,0.027,21,0.081,0.026,17,0.065,0.021,68,0.262,0.019,136,0.523,0.024,39,0.15,0.028,50,0.192,0.021,113,0.435,0.023,88,0.338,0.025,9,0.035,0.017,13,0.05,0.029,51,0.196,0.019,150,0.577,0.023,46,0.177,0.026,32,0.123,0.016,92,0.354,0.02,121,0.465,0.029,15,0.058,0.024,12,0.046,0.02,52,0.2,0.017,148,0.569,0.024,48,0.185,0.03,11,0.042,0.02,82,0.315,0.02,142,0.546,0.024,25,0.096,0.033,21,0.081,0.016,87,0.335,0.02,130,0.5,0.027,22,0.085,0.022,12,0.046,0.018,71,0.273,0.02,140,0.538,0.024,37,0.142,0.028,12,0.046,0.023,55,0.212,0.018,146,0.562,0.023,47,0.181,0.033,9,0.035,0.015,70,0.269,0.021,142,0.546,0.023,39,0.15,0.031
No tengo nombramiento,2,0.167,0.002,3,0.25,0.001,6,0.5,0.001,1,0.083,0.001,2,0.167,0.002,5,0.417,0.001,3,0.25,0.001,2,0.167,0.001,6,0.5,0.002,3,0.25,0.001,3,0.25,0.001,0,0,0,1,0.083,0.002,3,0.25,0.001,7,0.583,0.001,1,0.083,0.001,4,0.333,0.002,4,0.333,0.001,3,0.25,0.001,1,0.083,0.002,1,0.083,0.002,3,0.25,0.001,7,0.583,0.001,1,0.083,0.001,2,0.167,0.004,2,0.167,0,7,0.583,0.001,1,0.083,0.001,2,0.167,0.002,6,0.5,0.001,3,0.25,0.001,1,0.083,0.001,2,0.167,0.003,4,0.333,0.001,4,0.333,0.001,2,0.167,0.001,2,0.167,0.004,2,0.167,0.001,7,0.583,0.001,1,0.083,0.001,2,0.167,0.003,3,0.25,0.001,5,0.417,0.001,2,0.167,0.002
Otro,5,0.046,0.006,39,0.361,0.009,55,0.509,0.01,9,0.083,0.011,6,0.056,0.007,29,0.269,0.008,56,0.519,0.01,17,0.157,0.012,26,0.241,0.011,47,0.435,0.009,30,0.278,0.009,5,0.046,0.009,3,0.028,0.007,24,0.222,0.009,62,0.574,0.01,19,0.176,0.011,14,0.13,0.007,40,0.37,0.009,46,0.426,0.011,8,0.074,0.013,4,0.037,0.007,24,0.222,0.008,64,0.593,0.01,16,0.148,0.01,6,0.056,0.011,39,0.361,0.009,55,0.509,0.009,8,0.074,0.01,11,0.102,0.008,38,0.352,0.009,44,0.407,0.009,15,0.139,0.015,5,0.046,0.008,34,0.315,0.01,58,0.537,0.01,11,0.102,0.008,7,0.065,0.013,19,0.176,0.006,71,0.657,0.011,11,0.102,0.008,5,0.046,0.008,23,0.213,0.007,66,0.611,0.011,14,0.13,0.011
GENERAL PÚBLICA,725,0.072,0.904,4064,0.401,0.897,4613,0.455,0.868,737,0.073,0.92,734,0.072,0.908,3309,0.326,0.902,4859,0.479,0.874,1237,0.122,0.878,2251,0.222,0.923,4418,0.436,0.892,3015,0.297,0.857,455,0.045,0.852,398,0.039,0.896,2441,0.241,0.893,5735,0.566,0.883,1565,0.154,0.884,1861,0.184,0.91,4093,0.404,0.896,3653,0.36,0.867,532,0.052,0.865,535,0.053,0.898,2718,0.268,0.903,5458,0.538,0.878,1427,0.141,0.88,507,0.05,0.902,3683,0.363,0.895,5267,0.519,0.878,682,0.067,0.893,1219,0.12,0.934,3954,0.39,0.92,4165,0.411,0.861,801,0.079,0.799,597,0.059,0.9,3208,0.316,0.908,5160,0.509,0.873,1174,0.116,0.876,466,0.046,0.888,2713,0.268,0.89,5711,0.563,0.883,1249,0.123,0.888,531,0.052,0.898,3051,0.301,0.901,5448,0.537,0.876,1109,0.109,0.886
INDÍGENAS,77,0.059,0.096,466,0.357,0.103,699,0.535,0.132,64,0.049,0.08,74,0.057,0.092,361,0.276,0.098,699,0.535,0.126,172,0.132,0.122,188,0.144,0.077,537,0.411,0.108,502,0.384,0.143,79,0.06,0.148,46,0.035,0.104,294,0.225,0.107,761,0.583,0.117,205,0.157,0.116,184,0.141,0.09,477,0.365,0.104,562,0.43,0.133,83,0.064,0.135,61,0.047,0.102,292,0.224,0.097,758,0.58,0.122,195,0.149,0.12,55,0.042,0.098,434,0.332,0.105,735,0.563,0.122,82,0.063,0.107,86,0.066,0.066,345,0.264,0.08,674,0.516,0.139,201,0.154,0.201,66,0.051,0.1,325,0.249,0.092,749,0.574,0.127,166,0.127,0.124,59,0.045,0.112,335,0.257,0.11,754,0.577,0.117,158,0.121,0.112,60,0.046,0.102,335,0.257,0.099,768,0.588,0.124,143,0.109,0.114
Total,802,0.07,1,4530,0.396,1,5312,0.464,1,801,0.07,1,808,0.071,1,3670,0.321,1,5558,0.486,1,1409,0.123,1,2439,0.213,1,4955,0.433,1,3517,0.307,1,534,0.047,1,444,0.039,1,2735,0.239,1,6496,0.568,1,1770,0.155,1,2045,0.179,1,4570,0.399,1,4215,0.368,1,615,0.054,1,596,0.052,1,3010,0.263,1,6216,0.543,1,1622,0.142,1,562,0.049,1,4117,0.36,1,6002,0.524,1,764,0.067,1,1305,0.114,1,4299,0.376,1,4839,0.423,1,1002,0.088,1,663,0.058,1,3533,0.309,1,5909,0.516,1,1340,0.117,1,525,0.046,1,3048,0.266,1,6465,0.565,1,1407,0.123,1,591,0.052,1,3386,0.296,1,6216,0.543,1,1252,0.109,1
