Variable,B3-A-Formar parte de alguna red de docentes/directores-Recuento,B3-A-Formar parte de alguna red de docentes/directores-% del N de fila,B3-A-Formar parte de alguna red de docentes/directores-% de N columnas,B3-A-Recibir asesoría y acompañamiento por parte de la supervisión o de un asesor técnico pedagógico-Recuento,B3-A-Recibir asesoría y acompañamiento por parte de la supervisión o de un asesor técnico pedagógico-% del N de fila,B3-A-Recibir asesoría y acompañamiento por parte de la supervisión o de un asesor técnico pedagógico-% de N columnas,B3-A-Participar en ejercicios colectivos de reflexión y análisis sobre el plan de estudio en la escuela-Recuento,B3-A-Participar en ejercicios colectivos de reflexión y análisis sobre el plan de estudio en la escuela-% del N de fila,B3-A-Participar en ejercicios colectivos de reflexión y análisis sobre el plan de estudio en la escuela-% de N columnas,B3-A-Participar en programas de especialización de métodos de enseñanza colectivos-Recuento,B3-A-Participar en programas de especialización de métodos de enseñanza colectivos-% del N de fila,B3-A-Participar en programas de especialización de métodos de enseñanza colectivos-% de N columnas,B3-A-Acceder a cursos o talleres relacionados con las características del plan de estudio-Recuento,B3-A-Acceder a cursos o talleres relacionados con las características del plan de estudio-% del N de fila,B3-A-Acceder a cursos o talleres relacionados con las características del plan de estudio-% de N columnas,B3-A-Participar en ejercicios colectivos de reflexión y análisis sobre el plan de estudio a nivel de zona o sector escolar-Recuento,B3-A-Participar en ejercicios colectivos de reflexión y análisis sobre el plan de estudio a nivel de zona o sector escolar-% del N de fila,B3-A-Participar en ejercicios colectivos de reflexión y análisis sobre el plan de estudio a nivel de zona o sector escolar-% de N columnas,B3-B-Formar parte de alguna red de docentes/directores-Recuento,B3-B-Formar parte de alguna red de docentes/directores-% del N de fila,B3-B-Formar parte de alguna red de docentes/directores-% de N columnas,B3-B-Recibir asesoría y acompañamiento por parte de la supervisión o de un asesor técnico pedagógico-Recuento,B3-B-Recibir asesoría y acompañamiento por parte de la supervisión o de un asesor técnico pedagógico-% del N de fila,B3-B-Recibir asesoría y acompañamiento por parte de la supervisión o de un asesor técnico pedagógico-% de N columnas,B3-B-Participar en ejercicios colectivos de reflexión y análisis sobre el plan de estudio en la escuela-Recuento,B3-B-Participar en ejercicios colectivos de reflexión y análisis sobre el plan de estudio en la escuela-% del N de fila,B3-B-Participar en ejercicios colectivos de reflexión y análisis sobre el plan de estudio en la escuela-% de N columnas,B3-B-Participar en programas de especialización de métodos de enseñanza colectivos-Recuento,B3-B-Participar en programas de especialización de métodos de enseñanza colectivos-% del N de fila,B3-B-Participar en programas de especialización de métodos de enseñanza colectivos-% de N columnas,B3-B-Acceder a cursos o talleres relacionados con las características del plan de estudio-Recuento,B3-B-Acceder a cursos o talleres relacionados con las características del plan de estudio-% del N de fila,B3-B-Acceder a cursos o talleres relacionados con las características del plan de estudio-% de N columnas,B3-B-Participar en ejercicios colectivos de reflexión y análisis sobre el plan de estudio a nivel de zona o sector escolar-Recuento,B3-B-Participar en ejercicios colectivos de reflexión y análisis sobre el plan de estudio a nivel de zona o sector escolar-% del N de fila,B3-B-Participar en ejercicios colectivos de reflexión y análisis sobre el plan de estudio a nivel de zona o sector escolar-% de N columnas,B3-C-Formar parte de alguna red de docentes/directores-Recuento,B3-C-Formar parte de alguna red de docentes/directores-% del N de fila,B3-C-Formar parte de alguna red de docentes/directores-% de N columnas,B3-C-Recibir asesoría y acompañamiento por parte de la supervisión o de un asesor técnico pedagógico-Recuento,B3-C-Recibir asesoría y acompañamiento por parte de la supervisión o de un asesor técnico pedagógico-% del N de fila,B3-C-Recibir asesoría y acompañamiento por parte de la supervisión o de un asesor técnico pedagógico-% de N columnas,B3-C-Participar en ejercicios colectivos de reflexión y análisis sobre el plan de estudio en la escuela-Recuento,B3-C-Participar en ejercicios colectivos de reflexión y análisis sobre el plan de estudio en la escuela-% del N de fila,B3-C-Participar en ejercicios colectivos de reflexión y análisis sobre el plan de estudio en la escuela-% de N columnas,B3-C-Participar en programas de especialización de métodos de enseñanza colectivos-Recuento,B3-C-Participar en programas de especialización de métodos de enseñanza colectivos-% del N de fila,B3-C-Participar en programas de especialización de métodos de enseñanza colectivos-% de N columnas,B3-C-Acceder a cursos o talleres relacionados con las características del plan de estudio-Recuento,B3-C-Acceder a cursos o talleres relacionados con las características del plan de estudio-% del N de fila,B3-C-Acceder a cursos o talleres relacionados con las características del plan de estudio-% de N columnas,B3-C-Participar en ejercicios colectivos de reflexión y análisis sobre el plan de estudio a nivel de zona o sector escolar-Recuento,B3-C-Participar en ejercicios colectivos de reflexión y análisis sobre el plan de estudio a nivel de zona o sector escolar-% del N de fila,B3-C-Participar en ejercicios colectivos de reflexión y análisis sobre el plan de estudio a nivel de zona o sector escolar-% de N columnas,B3-D-Formar parte de alguna red de docentes/directores-Recuento,B3-D-Formar parte de alguna red de docentes/directores-% del N de fila,B3-D-Formar parte de alguna red de docentes/directores-% de N columnas,B3-D-Recibir asesoría y acompañamiento por parte de la supervisión o de un asesor técnico pedagógico-Recuento,B3-D-Recibir asesoría y acompañamiento por parte de la supervisión o de un asesor técnico pedagógico-% del N de fila,B3-D-Recibir asesoría y acompañamiento por parte de la supervisión o de un asesor técnico pedagógico-% de N columnas,B3-D-Participar en ejercicios colectivos de reflexión y análisis sobre el plan de estudio en la escuela-Recuento,B3-D-Participar en ejercicios colectivos de reflexión y análisis sobre el plan de estudio en la escuela-% del N de fila,B3-D-Participar en ejercicios colectivos de reflexión y análisis sobre el plan de estudio en la escuela-% de N columnas,B3-D-Participar en programas de especialización de métodos de enseñanza colectivos-Recuento,B3-D-Participar en programas de especialización de métodos de enseñanza colectivos-% del N de fila,B3-D-Participar en programas de especialización de métodos de enseñanza colectivos-% de N columnas,B3-D-Acceder a cursos o talleres relacionados con las características del plan de estudio-Recuento,B3-D-Acceder a cursos o talleres relacionados con las características del plan de estudio-% del N de fila,B3-D-Acceder a cursos o talleres relacionados con las características del plan de estudio-% de N columnas,B3-D-Participar en ejercicios colectivos de reflexión y análisis sobre el plan de estudio a nivel de zona o sector escolar-Recuento,B3-D-Participar en ejercicios colectivos de reflexión y análisis sobre el plan de estudio a nivel de zona o sector escolar-% del N de fila,B3-D-Participar en ejercicios colectivos de reflexión y análisis sobre el plan de estudio a nivel de zona o sector escolar-% de N columnas,B3-E-Formar parte de alguna red de docentes/directores-Recuento,B3-E-Formar parte de alguna red de docentes/directores-% del N de fila,B3-E-Formar parte de alguna red de docentes/directores-% de N columnas,B3-E-Recibir asesoría y acompañamiento por parte de la supervisión o de un asesor técnico pedagógico-Recuento,B3-E-Recibir asesoría y acompañamiento por parte de la supervisión o de un asesor técnico pedagógico-% del N de fila,B3-E-Recibir asesoría y acompañamiento por parte de la supervisión o de un asesor técnico pedagógico-% de N columnas,B3-E-Participar en ejercicios colectivos de reflexión y análisis sobre el plan de estudio en la escuela-Recuento,B3-E-Participar en ejercicios colectivos de reflexión y análisis sobre el plan de estudio en la escuela-% del N de fila,B3-E-Participar en ejercicios colectivos de reflexión y análisis sobre el plan de estudio en la escuela-% de N columnas,B3-E-Participar en programas de especialización de métodos de enseñanza colectivos-Recuento,B3-E-Participar en programas de especialización de métodos de enseñanza colectivos-% del N de fila,B3-E-Participar en programas de especialización de métodos de enseñanza colectivos-% de N columnas,B3-E-Acceder a cursos o talleres relacionados con las características del plan de estudio-Recuento,B3-E-Acceder a cursos o talleres relacionados con las características del plan de estudio-% del N de fila,B3-E-Acceder a cursos o talleres relacionados con las características del plan de estudio-% de N columnas,B3-E-Participar en ejercicios colectivos de reflexión y análisis sobre el plan de estudio a nivel de zona o sector escolar-Recuento,B3-E-Participar en ejercicios colectivos de reflexión y análisis sobre el plan de estudio a nivel de zona o sector escolar-% del N de fila,B3-E-Participar en ejercicios colectivos de reflexión y análisis sobre el plan de estudio a nivel de zona o sector escolar-% de N columnas,B3-F-Formar parte de alguna red de docentes/directores-Recuento,B3-F-Formar parte de alguna red de docentes/directores-% del N de fila,B3-F-Formar parte de alguna red de docentes/directores-% de N columnas,B3-F-Recibir asesoría y acompañamiento por parte de la supervisión o de un asesor técnico pedagógico-Recuento,B3-F-Recibir asesoría y acompañamiento por parte de la supervisión o de un asesor técnico pedagógico-% del N de fila,B3-F-Recibir asesoría y acompañamiento por parte de la supervisión o de un asesor técnico pedagógico-% de N columnas,B3-F-Participar en ejercicios colectivos de reflexión y análisis sobre el plan de estudio en la escuela-Recuento,B3-F-Participar en ejercicios colectivos de reflexión y análisis sobre el plan de estudio en la escuela-% del N de fila,B3-F-Participar en ejercicios colectivos de reflexión y análisis sobre el plan de estudio en la escuela-% de N columnas,B3-F-Participar en programas de especialización de métodos de enseñanza colectivos-Recuento,B3-F-Participar en programas de especialización de métodos de enseñanza colectivos-% del N de fila,B3-F-Participar en programas de especialización de métodos de enseñanza colectivos-% de N columnas,B3-F-Acceder a cursos o talleres relacionados con las características del plan de estudio-Recuento,B3-F-Acceder a cursos o talleres relacionados con las características del plan de estudio-% del N de fila,B3-F-Acceder a cursos o talleres relacionados con las características del plan de estudio-% de N columnas,B3-F-Participar en ejercicios colectivos de reflexión y análisis sobre el plan de estudio a nivel de zona o sector escolar-Recuento,B3-F-Participar en ejercicios colectivos de reflexión y análisis sobre el plan de estudio a nivel de zona o sector escolar-% del N de fila,B3-F-Participar en ejercicios colectivos de reflexión y análisis sobre el plan de estudio a nivel de zona o sector escolar-% de N columnas
AGUASCALIENTES,83,0.146,0.048,139,0.244,0.046,95,0.167,0.05,78,0.137,0.057,49,0.086,0.06,126,0.221,0.049,59,0.104,0.051,131,0.23,0.053,113,0.198,0.046,100,0.175,0.055,80,0.14,0.05,87,0.153,0.045,83,0.146,0.055,70,0.123,0.043,92,0.161,0.049,94,0.165,0.044,112,0.196,0.054,119,0.209,0.054,93,0.163,0.049,64,0.112,0.044,88,0.154,0.052,106,0.186,0.046,113,0.198,0.049,106,0.186,0.06,96,0.168,0.052,97,0.17,0.061,83,0.146,0.046,100,0.175,0.046,118,0.207,0.047,76,0.133,0.051,156,0.274,0.047,69,0.121,0.055,99,0.174,0.057,92,0.161,0.058,98,0.172,0.046,56,0.098,0.039
BAJA CALIFORNIA,12,0.125,0.007,27,0.281,0.009,14,0.146,0.007,13,0.135,0.009,7,0.073,0.009,23,0.24,0.009,8,0.083,0.007,21,0.219,0.008,24,0.25,0.01,14,0.146,0.008,15,0.156,0.009,14,0.146,0.007,16,0.167,0.011,17,0.177,0.01,17,0.177,0.009,16,0.167,0.007,10,0.104,0.005,20,0.208,0.009,16,0.167,0.009,12,0.125,0.008,19,0.198,0.011,13,0.135,0.006,20,0.208,0.009,16,0.167,0.009,17,0.177,0.009,11,0.115,0.007,8,0.083,0.004,22,0.229,0.01,25,0.26,0.01,13,0.135,0.009,27,0.281,0.008,8,0.083,0.006,14,0.146,0.008,18,0.188,0.011,19,0.198,0.009,10,0.104,0.007
BAJA CALIFORNIA SUR,126,0.182,0.072,156,0.226,0.052,99,0.143,0.052,102,0.148,0.074,34,0.049,0.042,174,0.252,0.067,78,0.113,0.068,143,0.207,0.057,145,0.21,0.059,121,0.175,0.067,101,0.146,0.063,103,0.149,0.053,103,0.149,0.068,94,0.136,0.058,118,0.171,0.063,137,0.198,0.064,116,0.168,0.056,123,0.178,0.056,114,0.165,0.061,106,0.153,0.072,104,0.151,0.062,118,0.171,0.052,134,0.194,0.058,115,0.166,0.065,99,0.143,0.054,103,0.149,0.065,121,0.175,0.067,118,0.171,0.054,163,0.236,0.065,87,0.126,0.058,170,0.246,0.052,89,0.129,0.072,104,0.151,0.06,95,0.138,0.06,143,0.207,0.068,89,0.129,0.062
CAMPECHE,50,0.161,0.029,87,0.28,0.029,51,0.164,0.027,41,0.132,0.03,19,0.061,0.023,63,0.203,0.024,45,0.145,0.039,70,0.225,0.028,59,0.19,0.024,53,0.17,0.029,41,0.132,0.026,43,0.138,0.022,36,0.116,0.024,35,0.113,0.021,54,0.174,0.029,55,0.177,0.026,64,0.206,0.031,67,0.215,0.031,47,0.151,0.025,41,0.132,0.028,44,0.141,0.026,59,0.19,0.026,61,0.196,0.026,59,0.19,0.033,46,0.148,0.025,39,0.125,0.024,54,0.174,0.03,63,0.203,0.029,68,0.219,0.027,41,0.132,0.027,87,0.28,0.026,39,0.125,0.031,49,0.158,0.028,40,0.129,0.025,58,0.186,0.027,38,0.122,0.026
CHIAPAS,17,0.17,0.01,26,0.26,0.009,21,0.21,0.011,11,0.11,0.008,6,0.06,0.007,19,0.19,0.007,7,0.07,0.006,17,0.17,0.007,22,0.22,0.009,17,0.17,0.009,15,0.15,0.009,22,0.22,0.011,6,0.06,0.004,17,0.17,0.01,19,0.19,0.01,16,0.16,0.007,18,0.18,0.009,24,0.24,0.011,18,0.18,0.01,17,0.17,0.012,9,0.09,0.005,24,0.24,0.01,23,0.23,0.01,9,0.09,0.005,17,0.17,0.009,14,0.14,0.009,14,0.14,0.008,21,0.21,0.01,22,0.22,0.009,12,0.12,0.008,35,0.35,0.011,9,0.09,0.007,15,0.15,0.009,11,0.11,0.007,16,0.16,0.008,14,0.14,0.01
CHIHUAHUA,95,0.181,0.055,134,0.255,0.045,88,0.168,0.046,71,0.135,0.051,39,0.074,0.048,98,0.187,0.038,65,0.124,0.056,121,0.23,0.049,102,0.194,0.042,65,0.124,0.036,74,0.141,0.046,98,0.187,0.051,66,0.126,0.044,73,0.139,0.045,84,0.16,0.045,117,0.223,0.054,78,0.149,0.038,107,0.204,0.049,95,0.181,0.051,69,0.131,0.047,64,0.122,0.038,107,0.204,0.047,110,0.21,0.047,80,0.152,0.045,79,0.15,0.043,77,0.147,0.048,87,0.166,0.048,93,0.177,0.043,112,0.213,0.045,77,0.147,0.051,125,0.238,0.038,51,0.097,0.041,100,0.19,0.058,72,0.137,0.045,112,0.213,0.053,65,0.124,0.045
CIUDAD DE MÉXICO,141,0.165,0.081,240,0.281,0.08,129,0.151,0.068,79,0.092,0.057,61,0.071,0.075,205,0.24,0.079,82,0.096,0.071,207,0.242,0.083,191,0.223,0.078,112,0.131,0.062,113,0.132,0.071,150,0.175,0.078,94,0.11,0.062,119,0.139,0.073,147,0.172,0.079,175,0.205,0.081,148,0.173,0.071,172,0.201,0.079,130,0.152,0.069,101,0.118,0.069,145,0.17,0.086,178,0.208,0.078,194,0.227,0.083,106,0.124,0.06,121,0.142,0.065,118,0.138,0.074,130,0.152,0.072,178,0.209,0.082,192,0.225,0.077,114,0.134,0.076,286,0.335,0.087,69,0.081,0.055,113,0.132,0.065,133,0.156,0.083,145,0.17,0.069,107,0.125,0.075
COAHUILA,42,0.213,0.024,36,0.183,0.012,29,0.147,0.015,26,0.132,0.019,18,0.091,0.022,46,0.234,0.018,21,0.107,0.018,43,0.218,0.017,40,0.203,0.016,30,0.152,0.017,31,0.157,0.019,32,0.162,0.017,23,0.117,0.015,29,0.147,0.018,32,0.162,0.017,37,0.188,0.017,41,0.208,0.02,35,0.178,0.016,27,0.138,0.014,32,0.163,0.022,26,0.133,0.015,38,0.194,0.017,36,0.184,0.015,37,0.189,0.021,37,0.189,0.02,36,0.184,0.023,31,0.158,0.017,40,0.204,0.018,36,0.184,0.014,16,0.082,0.011,47,0.24,0.014,21,0.107,0.017,38,0.194,0.022,25,0.128,0.016,35,0.179,0.017,30,0.153,0.021
COLIMA,68,0.136,0.039,133,0.266,0.044,57,0.114,0.03,74,0.148,0.054,35,0.07,0.043,133,0.266,0.051,44,0.088,0.038,97,0.194,0.039,111,0.222,0.046,75,0.15,0.041,92,0.184,0.058,81,0.162,0.042,59,0.118,0.039,73,0.146,0.045,98,0.196,0.052,92,0.184,0.043,103,0.206,0.05,75,0.15,0.034,89,0.178,0.047,66,0.132,0.045,69,0.138,0.041,96,0.192,0.042,99,0.198,0.043,81,0.162,0.046,89,0.178,0.048,69,0.138,0.043,93,0.186,0.052,97,0.194,0.044,92,0.184,0.037,60,0.12,0.04,151,0.302,0.046,62,0.124,0.05,72,0.144,0.042,66,0.132,0.041,79,0.158,0.037,70,0.14,0.049
DURANGO,48,0.129,0.028,95,0.256,0.032,68,0.183,0.036,33,0.089,0.024,26,0.07,0.032,101,0.272,0.039,43,0.116,0.037,70,0.189,0.028,88,0.237,0.036,65,0.175,0.036,46,0.124,0.029,59,0.159,0.031,39,0.105,0.026,61,0.164,0.037,54,0.146,0.029,61,0.164,0.028,79,0.213,0.038,77,0.208,0.035,57,0.154,0.03,46,0.124,0.031,55,0.148,0.033,78,0.21,0.034,82,0.221,0.035,53,0.143,0.03,63,0.17,0.034,56,0.151,0.035,54,0.146,0.03,80,0.216,0.037,65,0.175,0.026,53,0.143,0.035,121,0.326,0.037,43,0.116,0.035,52,0.14,0.03,54,0.146,0.034,73,0.197,0.035,28,0.075,0.02
ESTADO DE MÉXICO,75,0.151,0.043,127,0.256,0.042,102,0.205,0.054,63,0.127,0.046,38,0.076,0.046,92,0.185,0.035,48,0.097,0.042,120,0.241,0.048,96,0.193,0.039,90,0.181,0.05,72,0.145,0.045,71,0.143,0.037,68,0.137,0.045,68,0.137,0.042,78,0.157,0.042,88,0.177,0.041,88,0.177,0.042,107,0.215,0.049,91,0.183,0.048,65,0.131,0.044,70,0.141,0.042,88,0.177,0.038,111,0.223,0.048,72,0.145,0.041,88,0.177,0.048,70,0.141,0.044,74,0.149,0.041,94,0.189,0.043,103,0.207,0.041,68,0.137,0.045,127,0.256,0.039,47,0.095,0.038,77,0.155,0.044,74,0.149,0.046,85,0.171,0.04,87,0.175,0.061
GUANAJUATO,48,0.129,0.028,111,0.299,0.037,64,0.173,0.034,41,0.111,0.03,22,0.059,0.027,85,0.229,0.033,31,0.084,0.027,72,0.194,0.029,89,0.24,0.037,65,0.175,0.036,52,0.14,0.033,62,0.167,0.032,43,0.116,0.029,59,0.159,0.036,54,0.146,0.029,64,0.173,0.03,75,0.202,0.036,76,0.205,0.035,62,0.167,0.033,43,0.116,0.029,49,0.132,0.029,81,0.218,0.035,83,0.224,0.036,53,0.143,0.03,72,0.194,0.039,43,0.116,0.027,66,0.178,0.037,63,0.17,0.029,75,0.202,0.03,52,0.14,0.035,115,0.31,0.035,43,0.116,0.035,49,0.132,0.028,57,0.154,0.036,64,0.173,0.03,43,0.116,0.03
GUERRERO,3,0.15,0.002,8,0.4,0.003,2,0.1,0.001,0,0,0,0,0,0,7,0.35,0.003,0,0,0,1,0.05,0,8,0.4,0.003,3,0.15,0.002,5,0.25,0.003,3,0.15,0.002,0,0,0,3,0.15,0.002,1,0.05,0.001,7,0.35,0.003,4,0.2,0.002,5,0.25,0.002,7,0.35,0.004,2,0.1,0.001,2,0.1,0.001,4,0.2,0.002,4,0.2,0.002,1,0.05,0.001,3,0.15,0.002,5,0.25,0.003,1,0.05,0.001,5,0.25,0.002,5,0.25,0.002,1,0.05,0.001,7,0.35,0.002,1,0.05,0.001,6,0.3,0.003,1,0.05,0.001,2,0.1,0.001,3,0.15,0.002
HIDALGO,52,0.159,0.03,85,0.259,0.028,56,0.171,0.029,33,0.101,0.024,24,0.073,0.029,78,0.238,0.03,34,0.104,0.03,68,0.207,0.027,80,0.244,0.033,58,0.177,0.032,39,0.119,0.024,49,0.149,0.025,39,0.119,0.026,46,0.14,0.028,52,0.159,0.028,57,0.174,0.026,59,0.18,0.028,75,0.229,0.034,49,0.149,0.026,52,0.159,0.036,38,0.116,0.023,69,0.21,0.03,70,0.213,0.03,50,0.152,0.028,60,0.183,0.032,52,0.159,0.033,46,0.14,0.026,66,0.201,0.03,80,0.244,0.032,24,0.073,0.016,94,0.287,0.029,25,0.076,0.02,56,0.171,0.032,45,0.137,0.028,56,0.171,0.027,52,0.159,0.036
JALISCO,26,0.111,0.015,51,0.217,0.017,44,0.187,0.023,33,0.14,0.024,23,0.098,0.028,58,0.247,0.022,14,0.06,0.012,60,0.255,0.024,45,0.191,0.018,33,0.14,0.018,37,0.157,0.023,46,0.196,0.024,29,0.123,0.019,30,0.128,0.018,40,0.17,0.021,51,0.217,0.024,37,0.157,0.018,48,0.204,0.022,42,0.179,0.022,31,0.132,0.021,36,0.153,0.021,41,0.174,0.018,55,0.234,0.024,30,0.128,0.017,42,0.179,0.023,39,0.166,0.024,31,0.132,0.017,43,0.183,0.02,53,0.226,0.021,27,0.115,0.018,82,0.349,0.025,24,0.102,0.019,39,0.166,0.023,34,0.145,0.021,30,0.128,0.014,26,0.111,0.018
MICHOACÁN,2,0.057,0.001,14,0.4,0.005,8,0.229,0.004,4,0.114,0.003,3,0.086,0.004,4,0.114,0.002,6,0.171,0.005,7,0.2,0.003,9,0.257,0.004,5,0.143,0.003,1,0.029,0.001,7,0.2,0.004,7,0.2,0.005,5,0.143,0.003,6,0.171,0.003,5,0.143,0.002,7,0.2,0.003,5,0.143,0.002,3,0.086,0.002,0,0,0,4,0.114,0.002,10,0.286,0.004,8,0.229,0.003,10,0.286,0.006,7,0.2,0.004,6,0.171,0.004,2,0.057,0.001,4,0.114,0.002,9,0.257,0.004,7,0.2,0.005,10,0.286,0.003,3,0.086,0.002,6,0.171,0.003,7,0.2,0.004,7,0.2,0.003,2,0.057,0.001
MORELOS,54,0.15,0.03,108,0.3,0.04,62,0.17,0.03,28,0.08,0.02,19,0.05,0.02,88,0.25,0.03,46,0.13,0.04,73,0.2,0.03,78,0.22,0.03,53,0.15,0.03,44,0.12,0.03,65,0.18,0.03,44,0.12,0.03,50,0.14,0.03,64,0.18,0.03,71,0.2,0.03,63,0.18,0.03,67,0.19,0.03,64,0.18,0.03,34,0.1,0.02,50,0.14,0.03,87,0.24,0.04,77,0.21,0.03,47,0.13,0.03,50,0.14,0.03,49,0.14,0.03,46,0.13,0.03,73,0.2,0.03,81,0.23,0.03,60,0.17,0.04,101,0.28,0.03,45,0.13,0.04,59,0.16,0.03,47,0.13,0.03,75,0.21,0.04,32,0.09,0.022
NAYARIT,57,0.128,0.033,119,0.267,0.04,63,0.141,0.033,63,0.141,0.046,36,0.081,0.044,108,0.242,0.042,50,0.112,0.043,90,0.202,0.036,92,0.206,0.038,67,0.15,0.037,60,0.135,0.038,87,0.195,0.045,64,0.143,0.043,66,0.148,0.04,74,0.166,0.04,87,0.195,0.04,85,0.191,0.041,70,0.157,0.032,75,0.168,0.04,52,0.117,0.036,83,0.186,0.049,86,0.193,0.038,75,0.168,0.032,75,0.168,0.042,81,0.182,0.044,57,0.128,0.036,73,0.164,0.041,80,0.179,0.037,93,0.209,0.037,62,0.139,0.041,119,0.267,0.036,62,0.139,0.05,61,0.137,0.035,63,0.141,0.039,97,0.217,0.046,44,0.099,0.031
NUEVO LEÓN,0,0,0,0,0,0,0,0,0,0,0,0,0,0,0,0,0,0,0,0,0,0,0,0,0,0,0,0,0,0,0,0,0,0,0,0,0,0,0,0,0,0,0,0,0,0,0,0,0,0,0,0,0,0,0,0,0,0,0,0,0,0,0,0,0,0,0,0,0,0,0,0,0,0,0,0,0,0,0,0,0,0,0,0,0,0,0,0,0,0,0,0,0,0,0,0,0,0,0,0,0,0,0,0,0,0,0,
PUEBLA,63,0.16,0.036,101,0.257,0.034,64,0.163,0.034,36,0.092,0.026,43,0.109,0.053,86,0.219,0.033,32,0.081,0.028,103,0.262,0.041,89,0.226,0.037,64,0.163,0.035,42,0.107,0.026,63,0.16,0.033,54,0.137,0.036,44,0.112,0.027,73,0.186,0.039,90,0.229,0.042,64,0.163,0.031,68,0.173,0.031,58,0.148,0.031,56,0.142,0.038,53,0.135,0.031,89,0.226,0.039,74,0.188,0.032,63,0.16,0.036,70,0.178,0.038,46,0.117,0.029,61,0.155,0.034,67,0.17,0.031,94,0.239,0.038,55,0.14,0.037,116,0.295,0.035,43,0.109,0.035,53,0.135,0.031,47,0.12,0.029,76,0.193,0.036,58,0.148,0.04
QUERÉTARO,67,0.13,0.039,136,0.265,0.045,85,0.165,0.045,53,0.103,0.038,41,0.08,0.05,132,0.257,0.051,50,0.097,0.043,125,0.243,0.05,95,0.185,0.039,78,0.152,0.043,84,0.163,0.053,82,0.16,0.043,66,0.128,0.044,73,0.142,0.045,90,0.175,0.048,96,0.187,0.045,82,0.16,0.04,107,0.208,0.049,86,0.168,0.046,50,0.097,0.034,86,0.168,0.051,99,0.193,0.043,117,0.228,0.05,75,0.146,0.042,81,0.158,0.044,70,0.136,0.044,83,0.162,0.046,109,0.212,0.05,103,0.201,0.041,67,0.131,0.045,164,0.32,0.05,59,0.115,0.047,75,0.146,0.043,78,0.152,0.049,86,0.168,0.041,51,0.099,0.036
QUINTANA ROO,75,0.162,0.043,130,0.281,0.043,67,0.145,0.035,44,0.095,0.032,37,0.08,0.045,110,0.238,0.042,35,0.076,0.03,96,0.207,0.039,112,0.242,0.046,70,0.151,0.039,60,0.13,0.038,90,0.194,0.047,51,0.11,0.034,62,0.134,0.038,85,0.184,0.045,81,0.175,0.038,93,0.201,0.045,91,0.197,0.042,76,0.164,0.04,69,0.149,0.047,73,0.158,0.043,101,0.218,0.044,86,0.186,0.037,58,0.125,0.033,67,0.145,0.036,61,0.132,0.038,63,0.136,0.035,100,0.216,0.046,120,0.26,0.048,51,0.11,0.034,159,0.344,0.048,44,0.095,0.035,63,0.136,0.036,67,0.145,0.042,66,0.143,0.031,63,0.136,0.044
SAN LUIS POTOSÍ,46,0.12,0.026,107,0.28,0.036,67,0.175,0.035,69,0.181,0.05,26,0.068,0.032,67,0.175,0.026,44,0.115,0.038,77,0.202,0.031,80,0.209,0.033,60,0.157,0.033,48,0.126,0.03,73,0.191,0.038,56,0.147,0.037,52,0.136,0.032,69,0.181,0.037,64,0.168,0.03,63,0.165,0.03,78,0.204,0.036,70,0.183,0.037,52,0.136,0.036,57,0.149,0.034,78,0.204,0.034,61,0.16,0.026,64,0.168,0.036,64,0.168,0.035,45,0.118,0.028,53,0.139,0.03,73,0.191,0.033,100,0.262,0.04,47,0.123,0.031,102,0.267,0.031,49,0.128,0.039,56,0.147,0.032,38,0.099,0.024,84,0.22,0.04,53,0.139,0.037
SINALOA,101,0.18,0.058,129,0.23,0.043,98,0.175,0.052,74,0.132,0.054,33,0.059,0.04,126,0.225,0.049,55,0.098,0.048,128,0.228,0.051,126,0.225,0.052,91,0.162,0.05,77,0.137,0.048,84,0.15,0.044,83,0.148,0.055,85,0.152,0.052,99,0.176,0.053,108,0.193,0.05,86,0.153,0.041,100,0.178,0.046,94,0.168,0.05,70,0.125,0.048,85,0.152,0.051,114,0.203,0.05,110,0.196,0.047,88,0.157,0.05,101,0.18,0.055,81,0.144,0.051,82,0.146,0.046,85,0.152,0.039,122,0.217,0.049,90,0.16,0.06,127,0.226,0.039,68,0.121,0.055,71,0.127,0.041,89,0.159,0.056,133,0.237,0.063,73,0.13,0.051
SONORA,49,0.15,0.028,72,0.221,0.024,65,0.199,0.034,38,0.117,0.028,22,0.067,0.027,80,0.245,0.031,40,0.123,0.035,62,0.19,0.025,77,0.236,0.032,49,0.15,0.027,39,0.12,0.024,59,0.181,0.031,47,0.144,0.031,67,0.206,0.041,46,0.141,0.025,57,0.175,0.026,59,0.181,0.028,50,0.153,0.023,49,0.15,0.026,42,0.129,0.029,36,0.11,0.021,58,0.178,0.025,88,0.27,0.038,53,0.163,0.03,48,0.147,0.026,45,0.138,0.028,50,0.153,0.028,68,0.209,0.031,65,0.199,0.026,50,0.153,0.033,93,0.285,0.028,38,0.117,0.031,52,0.16,0.03,56,0.172,0.035,53,0.163,0.025,34,0.104,0.024
TABASCO,70,0.179,0.04,111,0.283,0.037,81,0.207,0.043,43,0.11,0.031,22,0.056,0.027,65,0.166,0.025,35,0.089,0.03,75,0.191,0.03,83,0.212,0.034,64,0.163,0.035,57,0.145,0.036,78,0.199,0.04,60,0.153,0.04,65,0.166,0.04,56,0.143,0.03,72,0.184,0.033,72,0.184,0.035,67,0.171,0.031,70,0.179,0.037,43,0.11,0.029,53,0.136,0.031,73,0.187,0.032,76,0.195,0.033,75,0.192,0.042,61,0.157,0.033,53,0.136,0.033,57,0.147,0.032,84,0.216,0.038,91,0.234,0.037,43,0.111,0.029,95,0.244,0.029,44,0.113,0.035,60,0.154,0.035,54,0.139,0.034,72,0.185,0.034,64,0.165,0.045
TAMAULIPAS,60,0.14,0.035,123,0.287,0.041,72,0.168,0.038,45,0.105,0.033,27,0.063,0.033,101,0.236,0.039,43,0.101,0.037,91,0.213,0.037,95,0.222,0.039,74,0.173,0.041,50,0.117,0.031,74,0.173,0.038,69,0.162,0.046,64,0.15,0.039,63,0.148,0.034,78,0.183,0.036,76,0.178,0.037,77,0.18,0.035,76,0.178,0.04,45,0.105,0.031,70,0.164,0.042,82,0.192,0.036,79,0.185,0.034,75,0.176,0.042,54,0.126,0.029,63,0.148,0.04,65,0.152,0.036,95,0.222,0.044,96,0.225,0.039,54,0.126,0.036,125,0.293,0.038,41,0.096,0.033,62,0.145,0.036,53,0.124,0.033,100,0.234,0.047,46,0.108,0.032
TLAXCALA,33,0.099,0.019,104,0.313,0.035,60,0.181,0.032,35,0.105,0.025,25,0.075,0.031,75,0.226,0.029,20,0.06,0.017,70,0.211,0.028,78,0.235,0.032,60,0.181,0.033,40,0.12,0.025,64,0.193,0.033,43,0.13,0.029,47,0.142,0.029,40,0.12,0.021,73,0.22,0.034,77,0.232,0.037,52,0.157,0.024,52,0.157,0.028,41,0.123,0.028,47,0.142,0.028,61,0.184,0.027,81,0.244,0.035,50,0.151,0.028,56,0.169,0.03,33,0.099,0.021,63,0.19,0.035,61,0.184,0.028,69,0.208,0.028,50,0.151,0.033,128,0.386,0.039,37,0.111,0.03,44,0.133,0.025,42,0.127,0.026,40,0.12,0.019,41,0.123,0.029
VERACRUZ,19,0.151,0.011,38,0.302,0.013,28,0.222,0.015,12,0.095,0.009,6,0.048,0.007,23,0.183,0.009,11,0.087,0.01,28,0.222,0.011,30,0.238,0.012,22,0.175,0.012,19,0.151,0.012,16,0.127,0.008,16,0.128,0.011,20,0.16,0.012,25,0.2,0.013,18,0.144,0.008,22,0.176,0.011,24,0.192,0.011,17,0.136,0.009,18,0.144,0.012,14,0.112,0.008,30,0.24,0.013,23,0.184,0.01,23,0.184,0.013,22,0.176,0.012,12,0.096,0.008,15,0.12,0.008,27,0.216,0.012,30,0.24,0.012,19,0.152,0.013,40,0.32,0.012,10,0.08,0.008,13,0.104,0.008,16,0.128,0.01,26,0.208,0.012,20,0.16,0.014
YUCATÁN,38,0.146,0.022,69,0.265,0.023,49,0.188,0.026,25,0.096,0.018,23,0.088,0.028,56,0.215,0.022,31,0.119,0.027,57,0.219,0.023,46,0.177,0.019,43,0.165,0.024,40,0.154,0.025,43,0.165,0.022,37,0.142,0.025,31,0.119,0.019,38,0.146,0.02,43,0.165,0.02,50,0.192,0.024,61,0.235,0.028,45,0.174,0.024,36,0.139,0.025,30,0.116,0.018,61,0.236,0.027,50,0.193,0.021,37,0.143,0.021,43,0.166,0.023,37,0.143,0.023,45,0.174,0.025,55,0.212,0.025,51,0.197,0.02,28,0.108,0.019,65,0.251,0.02,30,0.116,0.024,51,0.197,0.029,33,0.127,0.021,45,0.174,0.021,35,0.135,0.024
ZACATECAS,119,0.161,0.068,178,0.241,0.059,111,0.15,0.058,112,0.152,0.081,54,0.073,0.066,165,0.223,0.064,75,0.101,0.065,169,0.229,0.068,135,0.183,0.055,117,0.158,0.064,120,0.162,0.075,123,0.166,0.064,104,0.141,0.069,105,0.142,0.064,104,0.141,0.056,143,0.194,0.066,143,0.194,0.069,140,0.189,0.064,108,0.146,0.057,109,0.147,0.074,124,0.168,0.074,160,0.217,0.07,127,0.172,0.055,111,0.15,0.063,114,0.154,0.062,107,0.145,0.067,143,0.194,0.08,118,0.16,0.054,158,0.214,0.063,99,0.134,0.066,219,0.296,0.067,71,0.096,0.057,122,0.165,0.07,89,0.12,0.056,137,0.185,0.065,101,0.137,0.07
Hombre,558,0.162,0.321,975,0.284,0.326,527,0.153,0.278,462,0.134,0.335,251,0.073,0.307,663,0.193,0.256,362,0.105,0.314,730,0.212,0.293,739,0.215,0.303,564,0.164,0.31,469,0.136,0.294,572,0.166,0.297,428,0.125,0.284,472,0.137,0.29,549,0.16,0.293,657,0.191,0.305,660,0.192,0.318,670,0.195,0.306,554,0.161,0.295,420,0.122,0.287,555,0.162,0.33,683,0.199,0.298,683,0.199,0.294,540,0.157,0.305,565,0.164,0.306,471,0.137,0.295,549,0.16,0.306,600,0.175,0.275,759,0.221,0.305,491,0.143,0.327,968,0.282,0.294,367,0.107,0.295,516,0.15,0.298,470,0.137,0.294,613,0.179,0.29,500,0.146,0.348
Mujer,1181,0.148,0.679,2019,0.253,0.674,1372,0.172,0.722,917,0.115,0.665,567,0.071,0.693,1931,0.242,0.744,790,0.099,0.686,1762,0.221,0.707,1699,0.213,0.697,1254,0.157,0.69,1125,0.141,0.706,1356,0.17,0.703,1077,0.135,0.716,1158,0.145,0.71,1323,0.166,0.707,1496,0.187,0.695,1414,0.177,0.682,1517,0.19,0.694,1326,0.166,0.705,1044,0.131,0.713,1128,0.141,0.67,1606,0.201,0.702,1644,0.206,0.706,1232,0.154,0.695,1283,0.161,0.694,1123,0.141,0.705,1245,0.156,0.694,1582,0.198,0.725,1732,0.217,0.695,1012,0.127,0.673,2325,0.291,0.706,877,0.11,0.705,1215,0.152,0.702,1126,0.141,0.706,1499,0.188,0.71,935,0.117,0.652
18 a 20 años,23,0.28,0.013,24,0.293,0.008,11,0.134,0.006,9,0.11,0.007,3,0.037,0.004,12,0.146,0.005,5,0.061,0.004,15,0.183,0.006,19,0.232,0.008,15,0.183,0.008,16,0.195,0.01,12,0.146,0.006,12,0.146,0.008,6,0.073,0.004,14,0.171,0.007,16,0.195,0.007,15,0.183,0.007,19,0.232,0.009,12,0.146,0.006,13,0.159,0.009,11,0.134,0.007,18,0.22,0.008,12,0.146,0.005,16,0.195,0.009,15,0.183,0.008,13,0.159,0.008,16,0.195,0.009,10,0.122,0.005,17,0.207,0.007,11,0.134,0.007,15,0.183,0.005,11,0.134,0.009,11,0.134,0.006,14,0.171,0.009,19,0.232,0.009,12,0.146,0.008
21 a 30 años,409,0.171,0.235,604,0.253,0.202,400,0.168,0.211,272,0.114,0.197,159,0.067,0.194,541,0.227,0.209,242,0.102,0.21,506,0.212,0.203,529,0.222,0.217,366,0.154,0.201,326,0.137,0.205,415,0.174,0.215,317,0.133,0.211,391,0.164,0.24,386,0.162,0.206,441,0.185,0.205,405,0.17,0.195,444,0.186,0.203,373,0.156,0.198,297,0.125,0.203,355,0.149,0.211,479,0.201,0.209,496,0.208,0.213,384,0.161,0.217,394,0.165,0.213,334,0.14,0.21,350,0.147,0.195,477,0.2,0.219,534,0.224,0.214,295,0.124,0.196,649,0.272,0.197,252,0.106,0.203,364,0.153,0.21,349,0.146,0.219,465,0.195,0.22,305,0.128,0.213
31 a 40 años,570,0.141,0.328,1018,0.252,0.34,667,0.165,0.351,480,0.119,0.348,315,0.078,0.385,985,0.244,0.38,403,0.1,0.35,869,0.215,0.349,838,0.208,0.344,614,0.152,0.338,611,0.151,0.383,700,0.173,0.363,578,0.143,0.384,582,0.144,0.357,652,0.162,0.348,723,0.179,0.336,761,0.189,0.367,738,0.183,0.337,690,0.171,0.367,523,0.13,0.357,581,0.144,0.345,820,0.203,0.358,822,0.204,0.353,596,0.148,0.336,659,0.163,0.357,569,0.141,0.357,667,0.165,0.372,791,0.196,0.363,817,0.203,0.328,528,0.131,0.351,1134,0.281,0.344,472,0.117,0.379,628,0.156,0.363,604,0.15,0.378,707,0.175,0.335,486,0.121,0.339
41 a 50 años,456,0.143,0.262,870,0.273,0.291,536,0.168,0.282,381,0.119,0.276,224,0.07,0.274,723,0.227,0.279,319,0.1,0.277,715,0.224,0.287,674,0.211,0.276,532,0.167,0.293,431,0.135,0.27,519,0.163,0.269,421,0.132,0.28,426,0.134,0.261,521,0.163,0.278,624,0.196,0.29,578,0.181,0.279,620,0.194,0.283,535,0.168,0.285,391,0.123,0.267,484,0.152,0.288,626,0.196,0.273,643,0.202,0.276,510,0.16,0.288,506,0.159,0.274,455,0.143,0.285,498,0.156,0.278,589,0.185,0.27,722,0.226,0.29,418,0.131,0.278,952,0.299,0.289,333,0.104,0.268,476,0.149,0.275,437,0.137,0.274,591,0.185,0.28,399,0.125,0.278
51 a 60 años,248,0.162,0.143,418,0.273,0.14,254,0.166,0.134,215,0.141,0.156,99,0.065,0.121,296,0.193,0.114,158,0.103,0.137,347,0.227,0.139,336,0.22,0.138,254,0.166,0.14,187,0.122,0.117,248,0.162,0.129,160,0.105,0.106,196,0.128,0.12,247,0.161,0.132,309,0.202,0.144,285,0.186,0.137,333,0.218,0.152,243,0.159,0.129,207,0.135,0.141,228,0.149,0.135,297,0.194,0.13,320,0.209,0.138,233,0.152,0.131,240,0.157,0.13,203,0.133,0.127,225,0.147,0.125,282,0.185,0.129,354,0.232,0.142,224,0.147,0.149,479,0.314,0.145,158,0.103,0.127,239,0.157,0.138,172,0.113,0.108,283,0.185,0.134,196,0.128,0.137
61 a 70 años,30,0.16,0.017,58,0.309,0.019,28,0.149,0.015,21,0.112,0.015,18,0.096,0.022,33,0.176,0.013,25,0.133,0.022,37,0.197,0.015,38,0.202,0.016,34,0.181,0.019,21,0.112,0.013,33,0.176,0.017,17,0.09,0.011,28,0.149,0.017,48,0.255,0.026,39,0.207,0.018,29,0.154,0.014,27,0.144,0.012,26,0.139,0.014,30,0.16,0.02,23,0.123,0.014,46,0.246,0.02,29,0.155,0.012,33,0.176,0.019,33,0.177,0.018,18,0.097,0.011,37,0.199,0.021,28,0.151,0.013,43,0.231,0.017,27,0.145,0.018,56,0.301,0.017,16,0.086,0.013,13,0.07,0.008,20,0.108,0.013,46,0.247,0.022,35,0.188,0.024
71 a 80 años,3,0.231,0.002,2,0.154,0.001,3,0.231,0.002,1,0.077,0.001,0,0,0,4,0.308,0.002,0,0,0,3,0.231,0.001,4,0.308,0.002,3,0.231,0.002,2,0.154,0.001,1,0.077,0.001,0,0,0,1,0.077,0.001,4,0.308,0.002,1,0.077,0,1,0.077,0,6,0.462,0.003,1,0.077,0.001,3,0.231,0.002,1,0.077,0.001,3,0.231,0.001,5,0.385,0.002,0,0,0,1,0.077,0.001,2,0.154,0.001,1,0.077,0.001,5,0.385,0.002,4,0.308,0.002,0,0,0,8,0.615,0.002,2,0.154,0.002,0,0,0,0,0,0,1,0.077,0,2,0.154,0.001
81 a 90 años,0,0,0,0,0,0,0,0,0,0,0,0,0,0,0,0,0,0,0,0,0,0,0,0,0,0,0,0,0,0,0,0,0,0,0,0,0,0,0,0,0,0,0,0,0,0,0,0,0,0,0,0,0,0,0,0,0,0,0,0,0,0,0,0,0,0,0,0,0,0,0,0,0,0,0,0,0,0,0,0,0,0,0,0,0,0,0,0,0,0,0,0,0,0,0,0,0,0,0,0,0,0,0,0,0,0,0,0
91 a 99 años,0,0,0,0,0,0,0,0,0,0,0,0,0,0,0,0,0,0,0,0,0,0,0,0,0,0,0,0,0,0,0,0,0,0,0,0,0,0,0,0,0,0,0,0,0,0,0,0,0,0,0,0,0,0,0,0,0,0,0,0,0,0,0,0,0,0,0,0,0,0,0,0,0,0,0,0,0,0,0,0,0,0,0,0,0,0,0,0,0,0,0,0,0,0,0,0,0,0,0,0,0,0,0,0,0,0,0,0
"Preparatoria, bachillerato o carrera técnica",10,0.278,0.006,12,0.333,0.004,2,0.056,0.001,4,0.111,0.003,1,0.028,0.001,7,0.194,0.003,0,0,0,9,0.25,0.004,9,0.25,0.004,10,0.278,0.006,4,0.111,0.003,4,0.111,0.002,6,0.167,0.004,2,0.056,0.001,9,0.25,0.005,6,0.167,0.003,7,0.194,0.003,6,0.167,0.003,8,0.222,0.004,1,0.028,0.001,7,0.194,0.004,6,0.167,0.003,6,0.167,0.003,8,0.222,0.005,3,0.083,0.002,4,0.111,0.003,5,0.139,0.003,8,0.222,0.004,12,0.333,0.005,4,0.111,0.003,9,0.25,0.003,8,0.222,0.006,4,0.111,0.002,2,0.056,0.001,6,0.167,0.003,7,0.194,0.005
Normal básica sin licenciatura,76,0.166,0.044,125,0.272,0.042,82,0.179,0.043,74,0.161,0.054,24,0.052,0.029,78,0.17,0.03,48,0.105,0.042,107,0.233,0.043,105,0.229,0.043,60,0.131,0.033,62,0.135,0.039,77,0.168,0.04,49,0.107,0.033,63,0.137,0.039,95,0.207,0.051,84,0.183,0.039,74,0.161,0.036,94,0.205,0.043,64,0.14,0.034,70,0.153,0.048,53,0.116,0.031,104,0.227,0.045,82,0.179,0.035,85,0.186,0.048,82,0.179,0.044,48,0.105,0.03,64,0.14,0.036,85,0.186,0.039,116,0.254,0.047,62,0.136,0.041,139,0.304,0.042,45,0.098,0.036,60,0.131,0.035,51,0.112,0.032,99,0.217,0.047,63,0.138,0.044
Normal superior,36,0.153,0.021,60,0.255,0.02,41,0.174,0.022,27,0.115,0.02,13,0.055,0.016,58,0.247,0.022,28,0.119,0.024,68,0.289,0.027,52,0.221,0.021,45,0.191,0.025,17,0.072,0.011,25,0.106,0.013,32,0.136,0.021,26,0.111,0.016,43,0.183,0.023,51,0.217,0.024,42,0.179,0.02,41,0.174,0.019,27,0.115,0.014,39,0.166,0.027,36,0.153,0.021,41,0.174,0.018,47,0.2,0.02,45,0.191,0.025,44,0.187,0.024,28,0.119,0.018,26,0.111,0.014,42,0.179,0.019,66,0.281,0.026,29,0.123,0.019,68,0.289,0.021,14,0.06,0.011,37,0.157,0.021,29,0.123,0.018,50,0.213,0.024,37,0.157,0.026
Normal Intercultural Bilingüe,18,0.171,0.01,34,0.324,0.011,11,0.105,0.006,13,0.124,0.009,8,0.076,0.01,21,0.2,0.008,16,0.152,0.014,9,0.086,0.004,32,0.305,0.013,16,0.152,0.009,7,0.067,0.004,25,0.238,0.013,15,0.143,0.01,18,0.171,0.011,15,0.143,0.008,15,0.143,0.007,19,0.181,0.009,23,0.219,0.011,15,0.143,0.008,12,0.114,0.008,20,0.19,0.012,19,0.181,0.008,25,0.238,0.011,14,0.133,0.008,14,0.133,0.008,17,0.162,0.011,14,0.133,0.008,20,0.19,0.009,26,0.248,0.01,14,0.133,0.009,27,0.257,0.008,15,0.143,0.012,13,0.124,0.008,22,0.21,0.014,20,0.19,0.009,8,0.076,0.006
Licenciatura,1293,0.151,0.744,2257,0.263,0.754,1469,0.171,0.774,999,0.117,0.724,616,0.072,0.753,1937,0.226,0.747,857,0.1,0.744,1880,0.219,0.754,1876,0.219,0.769,1359,0.159,0.748,1196,0.14,0.75,1402,0.164,0.727,1123,0.131,0.746,1255,0.146,0.77,1402,0.164,0.749,1618,0.189,0.752,1531,0.179,0.738,1640,0.191,0.75,1391,0.162,0.74,1070,0.125,0.731,1256,0.147,0.746,1764,0.206,0.771,1770,0.207,0.761,1313,0.153,0.741,1359,0.159,0.735,1205,0.141,0.756,1321,0.154,0.736,1641,0.192,0.752,1872,0.219,0.752,1164,0.136,0.774,2543,0.297,0.772,900,0.105,0.723,1241,0.145,0.717,1185,0.138,0.742,1581,0.185,0.749,1111,0.13,0.774
Especialidad,11,0.147,0.006,17,0.227,0.006,10,0.133,0.005,12,0.16,0.009,3,0.04,0.004,22,0.293,0.008,4,0.053,0.003,20,0.267,0.008,12,0.16,0.005,10,0.133,0.006,14,0.187,0.009,15,0.2,0.008,12,0.16,0.008,4,0.053,0.002,11,0.147,0.006,17,0.227,0.008,15,0.2,0.007,16,0.213,0.007,19,0.253,0.01,7,0.093,0.005,12,0.16,0.007,9,0.12,0.004,16,0.213,0.007,12,0.16,0.007,6,0.08,0.003,19,0.253,0.012,16,0.213,0.009,16,0.213,0.007,13,0.173,0.005,5,0.067,0.003,23,0.307,0.007,8,0.107,0.006,14,0.187,0.008,11,0.147,0.007,14,0.187,0.007,5,0.067,0.003
Maestría,273,0.153,0.157,451,0.253,0.151,268,0.151,0.141,228,0.128,0.165,133,0.075,0.163,427,0.24,0.165,178,0.1,0.155,370,0.208,0.148,323,0.181,0.132,279,0.157,0.153,275,0.154,0.173,355,0.199,0.184,245,0.138,0.163,237,0.133,0.145,269,0.151,0.144,330,0.185,0.153,355,0.199,0.171,344,0.193,0.157,328,0.184,0.174,240,0.135,0.164,276,0.155,0.164,323,0.181,0.141,348,0.196,0.15,265,0.149,0.15,319,0.179,0.173,249,0.14,0.156,309,0.174,0.172,353,0.198,0.162,351,0.197,0.141,199,0.112,0.132,437,0.246,0.133,233,0.131,0.187,335,0.188,0.194,267,0.15,0.167,318,0.179,0.151,190,0.107,0.132
Doctorado,19,0.123,0.011,37,0.239,0.012,16,0.103,0.008,21,0.135,0.015,19,0.123,0.023,43,0.277,0.017,19,0.123,0.016,28,0.181,0.011,27,0.174,0.011,37,0.239,0.02,19,0.123,0.012,25,0.161,0.013,23,0.148,0.015,25,0.161,0.015,28,0.181,0.015,29,0.187,0.013,30,0.194,0.014,20,0.129,0.009,28,0.181,0.015,22,0.142,0.015,21,0.135,0.012,23,0.148,0.01,31,0.2,0.013,30,0.194,0.017,20,0.129,0.011,23,0.148,0.014,37,0.239,0.021,17,0.11,0.008,33,0.213,0.013,25,0.161,0.017,46,0.297,0.014,20,0.129,0.016,26,0.168,0.015,28,0.181,0.018,23,0.148,0.011,12,0.077,0.008
Posdoctorado,3,0.429,0.002,1,0.143,0,0,0,0,1,0.143,0.001,1,0.143,0.001,1,0.143,0,2,0.286,0.002,1,0.143,0,2,0.286,0.001,2,0.286,0.001,0,0,0,0,0,0,0,0,0,0,0,0,0,0,0,3,0.429,0.001,1,0.143,0,3,0.429,0.001,0,0,0,3,0.429,0.002,2,0.286,0.001,0,0,0,2,0.286,0.001,0,0,0,1,0.143,0.001,1,0.143,0.001,2,0.286,0.001,0,0,0,2,0.286,0.001,1,0.143,0.001,1,0.143,0,1,0.143,0.001,1,0.143,0.001,1,0.143,0.001,1,0.143,0,2,0.286,0.001
Menor o igual a 10,669,0.158,0.385,1069,0.253,0.357,715,0.169,0.377,456,0.108,0.331,316,0.075,0.386,997,0.236,0.384,413,0.098,0.359,910,0.216,0.365,920,0.218,0.377,622,0.147,0.342,604,0.143,0.379,752,0.178,0.39,553,0.131,0.367,649,0.154,0.398,693,0.164,0.37,790,0.187,0.367,777,0.184,0.375,759,0.18,0.347,703,0.167,0.374,528,0.125,0.361,631,0.15,0.375,880,0.209,0.384,832,0.197,0.358,646,0.153,0.365,687,0.163,0.372,594,0.141,0.373,638,0.151,0.356,838,0.199,0.384,916,0.217,0.368,547,0.13,0.364,1196,0.283,0.363,471,0.112,0.379,623,0.148,0.36,634,0.15,0.397,777,0.184,0.368,519,0.123,0.362
11 a 20,549,0.142,0.316,1025,0.266,0.342,616,0.16,0.324,492,0.128,0.357,267,0.069,0.326,904,0.235,0.348,398,0.103,0.345,832,0.216,0.334,801,0.208,0.329,610,0.158,0.336,568,0.147,0.356,644,0.167,0.334,546,0.142,0.363,532,0.138,0.326,619,0.161,0.331,701,0.182,0.326,689,0.179,0.332,765,0.199,0.35,644,0.167,0.343,509,0.132,0.348,556,0.144,0.33,764,0.198,0.334,815,0.212,0.35,562,0.146,0.317,656,0.17,0.355,537,0.14,0.337,637,0.165,0.355,730,0.19,0.335,807,0.21,0.324,482,0.125,0.321,1058,0.275,0.321,416,0.108,0.334,623,0.162,0.36,554,0.144,0.347,704,0.183,0.333,494,0.128,0.344
21 a 30,521,0.156,0.3,900,0.269,0.301,568,0.17,0.299,431,0.129,0.313,235,0.07,0.287,693,0.207,0.267,341,0.102,0.296,750,0.224,0.301,717,0.214,0.294,586,0.175,0.322,422,0.126,0.265,532,0.159,0.276,406,0.121,0.27,449,0.134,0.275,560,0.167,0.299,662,0.198,0.307,608,0.182,0.293,663,0.198,0.303,533,0.159,0.284,427,0.128,0.292,496,0.148,0.295,645,0.193,0.282,680,0.203,0.292,564,0.169,0.318,505,0.151,0.273,463,0.138,0.29,519,0.155,0.289,614,0.184,0.281,768,0.23,0.308,474,0.142,0.315,1039,0.311,0.316,357,0.107,0.287,485,0.145,0.28,408,0.122,0.256,631,0.189,0.299,422,0.126,0.294
31 a 40,0,0,0,0,0,0,0,0,0,0,0,0,0,0,0,0,0,0,0,0,0,0,0,0,0,0,0,0,0,0,0,0,0,0,0,0,0,0,0,0,0,0,0,0,0,0,0,0,0,0,0,0,0,0,0,0,0,0,0,0,0,0,0,0,0,0,0,0,0,0,0,0,0,0,0,0,0,0,0,0,0,0,0,0,0,0,0,0,0,0,0,0,0,0,0,0,0,0,0,0,0,0,0,0,0,0,0,0
41 a 50,0,0,0,0,0,0,0,0,0,0,0,0,0,0,0,0,0,0,0,0,0,0,0,0,0,0,0,0,0,0,0,0,0,0,0,0,0,0,0,0,0,0,0,0,0,0,0,0,0,0,0,0,0,0,0,0,0,0,0,0,0,0,0,0,0,0,0,0,0,0,0,0,0,0,0,0,0,0,0,0,0,0,0,0,0,0,0,0,0,0,0,0,0,0,0,0,0,0,0,0,0,0,0,0,0,0,0,0
Mayor o igual a 51,0,0,0,0,0,0,0,0,0,0,0,0,0,0,0,0,0,0,0,0,0,0,0,0,0,0,0,0,0,0,0,0,0,0,0,0,0,0,0,0,0,0,0,0,0,0,0,0,0,0,0,0,0,0,0,0,0,0,0,0,0,0,0,0,0,0,0,0,0,0,0,0,0,0,0,0,0,0,0,0,0,0,0,0,0,0,0,0,0,0,0,0,0,0,0,0,0,0,0,0,0,0,0,0,0,0,0,0
Definitivo o base,1592,0.149,0.915,2813,0.264,0.94,1776,0.166,0.935,1302,0.122,0.944,768,0.072,0.939,2418,0.227,0.932,1061,0.099,0.921,2322,0.218,0.932,2279,0.214,0.935,1695,0.159,0.932,1498,0.14,0.94,1813,0.17,0.94,1428,0.134,0.949,1511,0.142,0.927,1740,0.163,0.929,2018,0.189,0.937,1925,0.18,0.928,2045,0.192,0.935,1777,0.167,0.945,1369,0.128,0.935,1560,0.146,0.927,2137,0.2,0.934,2181,0.205,0.937,1637,0.154,0.924,1728,0.162,0.935,1485,0.139,0.932,1672,0.157,0.932,2042,0.192,0.936,2315,0.217,0.929,1416,0.133,0.942,3077,0.289,0.934,1164,0.109,0.936,1636,0.154,0.945,1469,0.138,0.92,1975,0.185,0.935,1336,0.125,0.931
Interino,67,0.179,0.039,93,0.249,0.031,60,0.16,0.032,33,0.088,0.024,31,0.083,0.038,90,0.241,0.035,39,0.104,0.034,71,0.19,0.028,92,0.246,0.038,63,0.168,0.035,52,0.139,0.033,57,0.152,0.03,40,0.107,0.027,69,0.184,0.042,53,0.142,0.028,73,0.195,0.034,70,0.187,0.034,69,0.184,0.032,52,0.139,0.028,52,0.139,0.036,62,0.166,0.037,68,0.182,0.03,75,0.201,0.032,65,0.174,0.037,56,0.15,0.03,58,0.155,0.036,61,0.163,0.034,73,0.195,0.033,78,0.209,0.031,48,0.128,0.032,120,0.321,0.036,31,0.083,0.025,46,0.123,0.027,64,0.171,0.04,68,0.182,0.032,45,0.12,0.031
Tiempo fijo,58,0.223,0.033,65,0.25,0.022,38,0.146,0.02,28,0.108,0.02,12,0.046,0.015,59,0.227,0.023,36,0.138,0.031,58,0.223,0.023,48,0.185,0.02,46,0.177,0.025,31,0.119,0.019,41,0.158,0.021,24,0.092,0.016,40,0.154,0.025,52,0.2,0.028,37,0.142,0.017,57,0.219,0.027,50,0.192,0.023,38,0.146,0.02,24,0.092,0.016,40,0.154,0.024,63,0.242,0.028,49,0.188,0.021,46,0.177,0.026,38,0.146,0.021,37,0.142,0.023,49,0.188,0.027,46,0.177,0.021,64,0.246,0.026,26,0.1,0.017,66,0.254,0.02,36,0.138,0.029,33,0.127,0.019,40,0.154,0.025,47,0.181,0.022,38,0.146,0.026
No tengo nombramiento,2,0.167,0.001,3,0.25,0.001,3,0.25,0.002,1,0.083,0.001,0,0,0,3,0.25,0.001,1,0.083,0.001,5,0.417,0.002,4,0.333,0.002,0,0,0,0,0,0,2,0.167,0.001,1,0.083,0.001,2,0.167,0.001,1,0.083,0.001,3,0.25,0.001,1,0.083,0,4,0.333,0.002,2,0.167,0.001,0,0,0,2,0.167,0.001,2,0.167,0.001,5,0.417,0.002,1,0.083,0.001,5,0.417,0.003,2,0.167,0.001,1,0.083,0.001,0,0,0,3,0.25,0.001,1,0.083,0.001,1,0.083,0,0,0,0,1,0.083,0.001,6,0.5,0.004,3,0.25,0.001,1,0.083,0.001
Otro,20,0.185,0.012,20,0.185,0.007,22,0.204,0.012,15,0.139,0.011,7,0.065,0.009,24,0.222,0.009,15,0.139,0.013,36,0.333,0.014,15,0.139,0.006,14,0.13,0.008,13,0.12,0.008,15,0.139,0.008,12,0.111,0.008,8,0.074,0.005,26,0.241,0.014,22,0.204,0.01,21,0.194,0.01,19,0.176,0.009,11,0.102,0.006,19,0.176,0.013,19,0.176,0.011,19,0.176,0.008,17,0.157,0.007,23,0.213,0.013,21,0.194,0.011,12,0.111,0.008,11,0.102,0.006,21,0.194,0.01,31,0.287,0.012,12,0.111,0.008,29,0.269,0.009,13,0.12,0.01,15,0.139,0.009,17,0.157,0.011,19,0.176,0.009,15,0.139,0.01
GENERAL PÚBLICA,1520,0.15,0.874,2641,0.261,0.882,1670,0.165,0.879,1219,0.12,0.884,721,0.071,0.881,2350,0.232,0.906,1027,0.101,0.891,2199,0.217,0.882,2148,0.212,0.881,1594,0.158,0.877,1433,0.142,0.899,1719,0.17,0.892,1337,0.132,0.888,1455,0.144,0.893,1660,0.164,0.887,1921,0.19,0.892,1827,0.181,0.881,1919,0.19,0.877,1676,0.166,0.891,1293,0.128,0.883,1505,0.149,0.894,2017,0.199,0.881,2075,0.205,0.892,1549,0.153,0.874,1622,0.16,0.878,1426,0.141,0.895,1601,0.158,0.892,1940,0.192,0.889,2182,0.216,0.876,1341,0.133,0.892,2934,0.29,0.891,1103,0.109,0.887,1533,0.152,0.886,1424,0.141,0.892,1878,0.186,0.889,1239,0.123,0.863
INDÍGENAS,219,0.168,0.126,353,0.271,0.118,229,0.176,0.121,160,0.123,0.116,97,0.075,0.119,244,0.187,0.094,125,0.096,0.109,293,0.225,0.118,290,0.223,0.119,224,0.172,0.123,161,0.124,0.101,209,0.161,0.108,168,0.129,0.112,175,0.134,0.107,212,0.163,0.113,232,0.178,0.108,247,0.19,0.119,268,0.206,0.123,204,0.157,0.109,171,0.132,0.117,178,0.137,0.106,272,0.209,0.119,252,0.194,0.108,223,0.172,0.126,226,0.174,0.122,168,0.129,0.105,193,0.148,0.108,242,0.186,0.111,309,0.238,0.124,162,0.125,0.108,359,0.276,0.109,141,0.108,0.113,198,0.152,0.114,172,0.132,0.108,234,0.18,0.111,196,0.151,0.137
Total,1739,0.152,1,2994,0.262,1,1899,0.166,1,1379,0.121,1,818,0.072,1,2594,0.227,1,1152,0.101,1,2492,0.218,1,2438,0.213,1,1818,0.159,1,1594,0.14,1,1928,0.169,1,1505,0.132,1,1630,0.143,1,1872,0.164,1,2153,0.189,1,2074,0.182,1,2187,0.191,1,1880,0.165,1,1464,0.128,1,1683,0.147,1,2289,0.201,1,2327,0.204,1,1772,0.155,1,1848,0.162,1,1594,0.14,1,1794,0.157,1,2182,0.191,1,2491,0.218,1,1503,0.132,1,3293,0.289,1,1244,0.109,1,1731,0.152,1,1596,0.14,1,2112,0.185,1,1435,0.126,1
